project,article,granularity,timestamp,access,agent,views
en.wikipedia,The_Forty_Rules_of_Love,daily,2019-08-07,all-access,all-agents,62
en.wikipedia,The_Forty_Rules_of_Love,daily,2019-08-08,all-access,all-agents,79
en.wikipedia,The_Forty_Rules_of_Love,daily,2019-08-09,all-access,all-agents,62
en.wikipedia,The_Forty_Rules_of_Love,daily,2019-08-10,all-access,all-agents,37
en.wikipedia,The_Forty_Rules_of_Love,daily,2019-08-11,all-access,all-agents,50
en.wikipedia,The_Forty_Rules_of_Love,daily,2019-08-12,all-access,all-agents,49
en.wikipedia,The_Forty_Rules_of_Love,daily,2019-08-13,all-access,all-agents,49
en.wikipedia,The_Forty_Rules_of_Love,daily,2019-08-14,all-access,all-agents,56
en.wikipedia,The_Forty_Rules_of_Love,daily,2019-08-15,all-access,all-agents,168
en.wikipedia,The_Forty_Rules_of_Love,daily,2019-08-16,all-access,all-agents,228
en.wikipedia,The_Forty_Rules_of_Love,daily,2019-08-17,all-access,all-agents,206
en.wikipedia,The_Forty_Rules_of_Love,daily,2019-08-18,all-access,all-agents,246
en.wikipedia,The_Forty_Rules_of_Love,daily,2019-08-19,all-access,all-agents,201
en.wikipedia,The_Forty_Rules_of_Love,daily,2019-08-20,all-access,all-agents,217
en.wikipedia,The_Forty_Rules_of_Love,daily,2019-08-21,all-access,all-agents,291
en.wikipedia,The_Forty_Rules_of_Love,daily,2019-08-22,all-access,all-agents,218
en.wikipedia,The_Forty_Rules_of_Love,daily,2019-08-23,all-access,all-agents,234
en.wikipedia,The_Forty_Rules_of_Love,daily,2019-08-24,all-access,all-agents,264
en.wikipedia,The_Forty_Rules_of_Love,daily,2019-08-25,all-access,all-agents,214
en.wikipedia,The_Forty_Rules_of_Love,daily,2019-08-26,all-access,all-agents,224
en.wikipedia,The_Forty_Rules_of_Love,daily,2019-08-27,all-access,all-agents,247
en.wikipedia,The_Forty_Rules_of_Love,daily,2019-08-28,all-access,all-agents,221
en.wikipedia,The_Forty_Rules_of_Love,daily,2019-08-29,all-access,all-agents,255
en.wikipedia,The_Forty_Rules_of_Love,daily,2019-08-30,all-access,all-agents,213
en.wikipedia,The_Forty_Rules_of_Love,daily,2019-08-31,all-access,all-agents,245
en.wikipedia,The_Forty_Rules_of_Love,daily,2019-09-01,all-access,all-agents,243
en.wikipedia,The_Forty_Rules_of_Love,daily,2019-09-02,all-access,all-agents,254
en.wikipedia,The_Forty_Rules_of_Love,daily,2019-09-03,all-access,all-agents,326
en.wikipedia,The_Forty_Rules_of_Love,daily,2019-09-04,all-access,all-agents,271
en.wikipedia,The_Forty_Rules_of_Love,daily,2019-09-05,all-access,all-agents,289
en.wikipedia,The_Forty_Rules_of_Love,daily,2019-09-06,all-access,all-agents,218
en.wikipedia,The_Forty_Rules_of_Love,daily,2019-09-07,all-access,all-agents,212
en.wikipedia,The_Forty_Rules_of_Love,daily,2019-09-08,all-access,all-agents,220
en.wikipedia,The_Forty_Rules_of_Love,daily,2019-09-09,all-access,all-agents,267
en.wikipedia,The_Forty_Rules_of_Love,daily,2019-09-10,all-access,all-agents,240
en.wikipedia,The_Forty_Rules_of_Love,daily,2019-09-11,all-access,all-agents,218
en.wikipedia,The_Forty_Rules_of_Love,daily,2019-09-12,all-access,all-agents,221
en.wikipedia,The_Forty_Rules_of_Love,daily,2019-09-13,all-access,all-agents,257
en.wikipedia,The_Forty_Rules_of_Love,daily,2019-09-14,all-access,all-agents,247
en.wikipedia,The_Forty_Rules_of_Love,daily,2019-09-15,all-access,all-agents,269
en.wikipedia,The_Forty_Rules_of_Love,daily,2019-09-16,all-access,all-agents,312
en.wikipedia,The_Forty_Rules_of_Love,daily,2019-09-17,all-access,all-agents,232
en.wikipedia,The_Forty_Rules_of_Love,daily,2019-09-18,all-access,all-agents,240
en.wikipedia,The_Forty_Rules_of_Love,daily,2019-09-19,all-access,all-agents,267
en.wikipedia,The_Forty_Rules_of_Love,daily,2019-09-20,all-access,all-agents,258
en.wikipedia,The_Forty_Rules_of_Love,daily,2019-09-21,all-access,all-agents,282
en.wikipedia,The_Forty_Rules_of_Love,daily,2019-09-22,all-access,all-agents,377
en.wikipedia,The_Forty_Rules_of_Love,daily,2019-09-23,all-access,all-agents,309
en.wikipedia,The_Forty_Rules_of_Love,daily,2019-09-24,all-access,all-agents,302
en.wikipedia,The_Forty_Rules_of_Love,daily,2019-09-25,all-access,all-agents,309
en.wikipedia,The_Forty_Rules_of_Love,daily,2019-09-26,all-access,all-agents,249
en.wikipedia,The_Forty_Rules_of_Love,daily,2019-09-27,all-access,all-agents,262
en.wikipedia,The_Forty_Rules_of_Love,daily,2019-09-28,all-access,all-agents,275
en.wikipedia,The_Forty_Rules_of_Love,daily,2019-09-29,all-access,all-agents,312
en.wikipedia,The_Forty_Rules_of_Love,daily,2019-09-30,all-access,all-agents,260
en.wikipedia,The_Forty_Rules_of_Love,daily,2019-10-01,all-access,all-agents,253
en.wikipedia,The_Forty_Rules_of_Love,daily,2019-10-02,all-access,all-agents,280
en.wikipedia,The_Forty_Rules_of_Love,daily,2019-10-03,all-access,all-agents,259
en.wikipedia,The_Forty_Rules_of_Love,daily,2019-10-04,all-access,all-agents,273
en.wikipedia,The_Forty_Rules_of_Love,daily,2019-10-05,all-access,all-agents,250
en.wikipedia,The_Forty_Rules_of_Love,daily,2019-10-06,all-access,all-agents,336
en.wikipedia,The_Forty_Rules_of_Love,daily,2019-10-07,all-access,all-agents,313
en.wikipedia,The_Forty_Rules_of_Love,daily,2019-10-08,all-access,all-agents,275
en.wikipedia,The_Forty_Rules_of_Love,daily,2019-10-09,all-access,all-agents,302
en.wikipedia,The_Forty_Rules_of_Love,daily,2019-10-10,all-access,all-agents,313
en.wikipedia,The_Forty_Rules_of_Love,daily,2019-10-11,all-access,all-agents,298
en.wikipedia,The_Forty_Rules_of_Love,daily,2019-10-12,all-access,all-agents,289
en.wikipedia,The_Forty_Rules_of_Love,daily,2019-10-13,all-access,all-agents,306
en.wikipedia,The_Forty_Rules_of_Love,daily,2019-10-14,all-access,all-agents,320
en.wikipedia,The_Forty_Rules_of_Love,daily,2019-10-15,all-access,all-agents,288
en.wikipedia,The_Forty_Rules_of_Love,daily,2019-10-16,all-access,all-agents,378
en.wikipedia,The_Forty_Rules_of_Love,daily,2019-10-17,all-access,all-agents,296
en.wikipedia,The_Forty_Rules_of_Love,daily,2019-10-18,all-access,all-agents,259
en.wikipedia,The_Forty_Rules_of_Love,daily,2019-10-19,all-access,all-agents,312
en.wikipedia,The_Forty_Rules_of_Love,daily,2019-10-20,all-access,all-agents,310
en.wikipedia,The_Forty_Rules_of_Love,daily,2019-10-21,all-access,all-agents,313
en.wikipedia,The_Forty_Rules_of_Love,daily,2019-10-22,all-access,all-agents,320
en.wikipedia,The_Forty_Rules_of_Love,daily,2019-10-23,all-access,all-agents,319
en.wikipedia,The_Forty_Rules_of_Love,daily,2019-10-24,all-access,all-agents,266
en.wikipedia,The_Forty_Rules_of_Love,daily,2019-10-25,all-access,all-agents,290
en.wikipedia,The_Forty_Rules_of_Love,daily,2019-10-26,all-access,all-agents,277
en.wikipedia,The_Forty_Rules_of_Love,daily,2019-10-27,all-access,all-agents,295
en.wikipedia,The_Forty_Rules_of_Love,daily,2019-10-28,all-access,all-agents,304
en.wikipedia,The_Forty_Rules_of_Love,daily,2019-10-29,all-access,all-agents,317
en.wikipedia,The_Forty_Rules_of_Love,daily,2019-10-30,all-access,all-agents,346
en.wikipedia,The_Forty_Rules_of_Love,daily,2019-10-31,all-access,all-agents,281
en.wikipedia,The_Forty_Rules_of_Love,daily,2019-11-01,all-access,all-agents,240
en.wikipedia,The_Forty_Rules_of_Love,daily,2019-11-02,all-access,all-agents,316
en.wikipedia,The_Forty_Rules_of_Love,daily,2019-11-03,all-access,all-agents,312
en.wikipedia,The_Forty_Rules_of_Love,daily,2019-11-04,all-access,all-agents,273
en.wikipedia,The_Forty_Rules_of_Love,daily,2019-11-05,all-access,all-agents,364
en.wikipedia,The_Forty_Rules_of_Love,daily,2019-11-06,all-access,all-agents,538
en.wikipedia,The_Forty_Rules_of_Love,daily,2019-11-07,all-access,all-agents,498
en.wikipedia,The_Forty_Rules_of_Love,daily,2019-11-08,all-access,all-agents,396
en.wikipedia,The_Forty_Rules_of_Love,daily,2019-11-09,all-access,all-agents,332
en.wikipedia,The_Forty_Rules_of_Love,daily,2019-11-10,all-access,all-agents,391
en.wikipedia,The_Forty_Rules_of_Love,daily,2019-11-11,all-access,all-agents,365
en.wikipedia,The_Forty_Rules_of_Love,daily,2019-11-12,all-access,all-agents,344
en.wikipedia,The_Forty_Rules_of_Love,daily,2019-11-13,all-access,all-agents,370
en.wikipedia,The_Forty_Rules_of_Love,daily,2019-11-14,all-access,all-agents,313
en.wikipedia,The_Forty_Rules_of_Love,daily,2019-11-15,all-access,all-agents,350
en.wikipedia,The_Forty_Rules_of_Love,daily,2019-11-16,all-access,all-agents,320
en.wikipedia,The_Forty_Rules_of_Love,daily,2019-11-17,all-access,all-agents,346
en.wikipedia,The_Forty_Rules_of_Love,daily,2019-11-18,all-access,all-agents,358
en.wikipedia,The_Forty_Rules_of_Love,daily,2019-11-19,all-access,all-agents,332
en.wikipedia,The_Forty_Rules_of_Love,daily,2019-11-20,all-access,all-agents,378
en.wikipedia,The_Forty_Rules_of_Love,daily,2019-11-21,all-access,all-agents,303
en.wikipedia,The_Forty_Rules_of_Love,daily,2019-11-22,all-access,all-agents,334
en.wikipedia,The_Forty_Rules_of_Love,daily,2019-11-23,all-access,all-agents,360
en.wikipedia,The_Forty_Rules_of_Love,daily,2019-11-24,all-access,all-agents,328
en.wikipedia,The_Forty_Rules_of_Love,daily,2019-11-25,all-access,all-agents,390
en.wikipedia,The_Forty_Rules_of_Love,daily,2019-11-26,all-access,all-agents,376
en.wikipedia,The_Forty_Rules_of_Love,daily,2019-11-27,all-access,all-agents,352
en.wikipedia,The_Forty_Rules_of_Love,daily,2019-11-28,all-access,all-agents,294
en.wikipedia,The_Forty_Rules_of_Love,daily,2019-11-29,all-access,all-agents,315
en.wikipedia,The_Forty_Rules_of_Love,daily,2019-11-30,all-access,all-agents,341
en.wikipedia,The_Forty_Rules_of_Love,daily,2019-12-01,all-access,all-agents,384
en.wikipedia,The_Forty_Rules_of_Love,daily,2019-12-02,all-access,all-agents,344
en.wikipedia,The_Forty_Rules_of_Love,daily,2019-12-03,all-access,all-agents,388
en.wikipedia,The_Forty_Rules_of_Love,daily,2019-12-04,all-access,all-agents,396
en.wikipedia,The_Forty_Rules_of_Love,daily,2019-12-05,all-access,all-agents,339
en.wikipedia,The_Forty_Rules_of_Love,daily,2019-12-06,all-access,all-agents,367
en.wikipedia,The_Forty_Rules_of_Love,daily,2019-12-07,all-access,all-agents,325
en.wikipedia,The_Forty_Rules_of_Love,daily,2019-12-08,all-access,all-agents,441
en.wikipedia,The_Forty_Rules_of_Love,daily,2019-12-09,all-access,all-agents,366
en.wikipedia,The_Forty_Rules_of_Love,daily,2019-12-10,all-access,all-agents,350
en.wikipedia,The_Forty_Rules_of_Love,daily,2019-12-11,all-access,all-agents,347
en.wikipedia,The_Forty_Rules_of_Love,daily,2019-12-12,all-access,all-agents,365
en.wikipedia,The_Forty_Rules_of_Love,daily,2019-12-13,all-access,all-agents,302
en.wikipedia,The_Forty_Rules_of_Love,daily,2019-12-14,all-access,all-agents,341
en.wikipedia,The_Forty_Rules_of_Love,daily,2019-12-15,all-access,all-agents,376
en.wikipedia,The_Forty_Rules_of_Love,daily,2019-12-16,all-access,all-agents,367
en.wikipedia,The_Forty_Rules_of_Love,daily,2019-12-17,all-access,all-agents,358
en.wikipedia,The_Forty_Rules_of_Love,daily,2019-12-18,all-access,all-agents,376
en.wikipedia,The_Forty_Rules_of_Love,daily,2019-12-19,all-access,all-agents,337
en.wikipedia,The_Forty_Rules_of_Love,daily,2019-12-20,all-access,all-agents,315
en.wikipedia,The_Forty_Rules_of_Love,daily,2019-12-21,all-access,all-agents,304
en.wikipedia,The_Forty_Rules_of_Love,daily,2019-12-22,all-access,all-agents,378
en.wikipedia,The_Forty_Rules_of_Love,daily,2019-12-23,all-access,all-agents,390
en.wikipedia,The_Forty_Rules_of_Love,daily,2019-12-24,all-access,all-agents,352
en.wikipedia,The_Forty_Rules_of_Love,daily,2019-12-25,all-access,all-agents,348
en.wikipedia,The_Forty_Rules_of_Love,daily,2019-12-26,all-access,all-agents,467
en.wikipedia,The_Forty_Rules_of_Love,daily,2019-12-27,all-access,all-agents,415
en.wikipedia,The_Forty_Rules_of_Love,daily,2019-12-28,all-access,all-agents,367
en.wikipedia,The_Forty_Rules_of_Love,daily,2019-12-29,all-access,all-agents,457
en.wikipedia,The_Forty_Rules_of_Love,daily,2019-12-30,all-access,all-agents,440
en.wikipedia,The_Forty_Rules_of_Love,daily,2019-12-31,all-access,all-agents,351
en.wikipedia,The_Forty_Rules_of_Love,daily,2020-01-01,all-access,all-agents,399
en.wikipedia,The_Forty_Rules_of_Love,daily,2020-01-02,all-access,all-agents,465
en.wikipedia,The_Forty_Rules_of_Love,daily,2020-01-03,all-access,all-agents,369
en.wikipedia,The_Forty_Rules_of_Love,daily,2020-01-04,all-access,all-agents,365
en.wikipedia,The_Forty_Rules_of_Love,daily,2020-01-05,all-access,all-agents,440
en.wikipedia,The_Forty_Rules_of_Love,daily,2020-01-06,all-access,all-agents,452
en.wikipedia,The_Forty_Rules_of_Love,daily,2020-01-07,all-access,all-agents,435
en.wikipedia,The_Forty_Rules_of_Love,daily,2020-01-08,all-access,all-agents,349
en.wikipedia,The_Forty_Rules_of_Love,daily,2020-01-09,all-access,all-agents,398
en.wikipedia,The_Forty_Rules_of_Love,daily,2020-01-10,all-access,all-agents,412
en.wikipedia,The_Forty_Rules_of_Love,daily,2020-01-11,all-access,all-agents,366
en.wikipedia,The_Forty_Rules_of_Love,daily,2020-01-12,all-access,all-agents,365
en.wikipedia,The_Forty_Rules_of_Love,daily,2020-01-13,all-access,all-agents,410
en.wikipedia,The_Forty_Rules_of_Love,daily,2020-01-14,all-access,all-agents,391
en.wikipedia,The_Forty_Rules_of_Love,daily,2020-01-15,all-access,all-agents,425
en.wikipedia,The_Forty_Rules_of_Love,daily,2020-01-16,all-access,all-agents,376
en.wikipedia,The_Forty_Rules_of_Love,daily,2020-01-17,all-access,all-agents,410
en.wikipedia,The_Forty_Rules_of_Love,daily,2020-01-18,all-access,all-agents,425
en.wikipedia,The_Forty_Rules_of_Love,daily,2020-01-19,all-access,all-agents,386
en.wikipedia,The_Forty_Rules_of_Love,daily,2020-01-20,all-access,all-agents,449
en.wikipedia,The_Forty_Rules_of_Love,daily,2020-01-21,all-access,all-agents,448
en.wikipedia,The_Forty_Rules_of_Love,daily,2020-01-22,all-access,all-agents,389
en.wikipedia,The_Forty_Rules_of_Love,daily,2020-01-23,all-access,all-agents,378
en.wikipedia,The_Forty_Rules_of_Love,daily,2020-01-24,all-access,all-agents,411
en.wikipedia,The_Forty_Rules_of_Love,daily,2020-01-25,all-access,all-agents,358
en.wikipedia,The_Forty_Rules_of_Love,daily,2020-01-26,all-access,all-agents,436
en.wikipedia,The_Forty_Rules_of_Love,daily,2020-01-27,all-access,all-agents,384
en.wikipedia,The_Forty_Rules_of_Love,daily,2020-01-28,all-access,all-agents,422
en.wikipedia,The_Forty_Rules_of_Love,daily,2020-01-29,all-access,all-agents,379
en.wikipedia,The_Forty_Rules_of_Love,daily,2020-01-30,all-access,all-agents,420
en.wikipedia,The_Forty_Rules_of_Love,daily,2020-01-31,all-access,all-agents,385
en.wikipedia,The_Forty_Rules_of_Love,daily,2020-02-01,all-access,all-agents,371
en.wikipedia,The_Forty_Rules_of_Love,daily,2020-02-02,all-access,all-agents,319
en.wikipedia,The_Forty_Rules_of_Love,daily,2020-02-03,all-access,all-agents,368
en.wikipedia,The_Forty_Rules_of_Love,daily,2020-02-04,all-access,all-agents,355
en.wikipedia,The_Forty_Rules_of_Love,daily,2020-02-05,all-access,all-agents,389
en.wikipedia,The_Forty_Rules_of_Love,daily,2020-02-06,all-access,all-agents,342
en.wikipedia,The_Forty_Rules_of_Love,daily,2020-02-07,all-access,all-agents,321
en.wikipedia,The_Forty_Rules_of_Love,daily,2020-02-08,all-access,all-agents,364
en.wikipedia,The_Forty_Rules_of_Love,daily,2020-02-09,all-access,all-agents,352
en.wikipedia,The_Forty_Rules_of_Love,daily,2020-02-10,all-access,all-agents,340
en.wikipedia,The_Forty_Rules_of_Love,daily,2020-02-11,all-access,all-agents,386
en.wikipedia,The_Forty_Rules_of_Love,daily,2020-02-12,all-access,all-agents,374
en.wikipedia,The_Forty_Rules_of_Love,daily,2020-02-13,all-access,all-agents,363
en.wikipedia,The_Forty_Rules_of_Love,daily,2020-02-14,all-access,all-agents,367
en.wikipedia,The_Forty_Rules_of_Love,daily,2020-02-15,all-access,all-agents,380
en.wikipedia,The_Forty_Rules_of_Love,daily,2020-02-16,all-access,all-agents,386
en.wikipedia,The_Forty_Rules_of_Love,daily,2020-02-17,all-access,all-agents,395
en.wikipedia,The_Forty_Rules_of_Love,daily,2020-02-18,all-access,all-agents,343
en.wikipedia,The_Forty_Rules_of_Love,daily,2020-02-19,all-access,all-agents,389
en.wikipedia,The_Forty_Rules_of_Love,daily,2020-02-20,all-access,all-agents,314
en.wikipedia,The_Forty_Rules_of_Love,daily,2020-02-21,all-access,all-agents,338
en.wikipedia,The_Forty_Rules_of_Love,daily,2020-02-22,all-access,all-agents,330
en.wikipedia,The_Forty_Rules_of_Love,daily,2020-02-23,all-access,all-agents,380
en.wikipedia,The_Forty_Rules_of_Love,daily,2020-02-24,all-access,all-agents,372
en.wikipedia,The_Forty_Rules_of_Love,daily,2020-02-25,all-access,all-agents,343
en.wikipedia,The_Forty_Rules_of_Love,daily,2020-02-26,all-access,all-agents,347
en.wikipedia,The_Forty_Rules_of_Love,daily,2020-02-27,all-access,all-agents,369
en.wikipedia,The_Forty_Rules_of_Love,daily,2020-02-28,all-access,all-agents,364
en.wikipedia,The_Forty_Rules_of_Love,daily,2020-02-29,all-access,all-agents,328
en.wikipedia,The_Forty_Rules_of_Love,daily,2020-03-01,all-access,all-agents,358
en.wikipedia,The_Forty_Rules_of_Love,daily,2020-03-02,all-access,all-agents,375
en.wikipedia,The_Forty_Rules_of_Love,daily,2020-03-03,all-access,all-agents,374
en.wikipedia,The_Forty_Rules_of_Love,daily,2020-03-04,all-access,all-agents,411
en.wikipedia,The_Forty_Rules_of_Love,daily,2020-03-05,all-access,all-agents,383
en.wikipedia,The_Forty_Rules_of_Love,daily,2020-03-06,all-access,all-agents,382
en.wikipedia,The_Forty_Rules_of_Love,daily,2020-03-07,all-access,all-agents,365
en.wikipedia,The_Forty_Rules_of_Love,daily,2020-03-08,all-access,all-agents,343
en.wikipedia,The_Forty_Rules_of_Love,daily,2020-03-09,all-access,all-agents,367
en.wikipedia,The_Forty_Rules_of_Love,daily,2020-03-10,all-access,all-agents,349
en.wikipedia,The_Forty_Rules_of_Love,daily,2020-03-11,all-access,all-agents,416
en.wikipedia,The_Forty_Rules_of_Love,daily,2020-03-12,all-access,all-agents,305
en.wikipedia,The_Forty_Rules_of_Love,daily,2020-03-13,all-access,all-agents,313
en.wikipedia,The_Forty_Rules_of_Love,daily,2020-03-14,all-access,all-agents,326
en.wikipedia,The_Forty_Rules_of_Love,daily,2020-03-15,all-access,all-agents,366
en.wikipedia,The_Forty_Rules_of_Love,daily,2020-03-16,all-access,all-agents,432
en.wikipedia,The_Forty_Rules_of_Love,daily,2020-03-17,all-access,all-agents,400
en.wikipedia,The_Forty_Rules_of_Love,daily,2020-03-18,all-access,all-agents,446
en.wikipedia,The_Forty_Rules_of_Love,daily,2020-03-19,all-access,all-agents,388
en.wikipedia,The_Forty_Rules_of_Love,daily,2020-03-20,all-access,all-agents,417
en.wikipedia,The_Forty_Rules_of_Love,daily,2020-03-21,all-access,all-agents,474
en.wikipedia,The_Forty_Rules_of_Love,daily,2020-03-22,all-access,all-agents,459
en.wikipedia,The_Forty_Rules_of_Love,daily,2020-03-23,all-access,all-agents,502
en.wikipedia,The_Forty_Rules_of_Love,daily,2020-03-24,all-access,all-agents,511
en.wikipedia,The_Forty_Rules_of_Love,daily,2020-03-25,all-access,all-agents,548
en.wikipedia,The_Forty_Rules_of_Love,daily,2020-03-26,all-access,all-agents,572
en.wikipedia,The_Forty_Rules_of_Love,daily,2020-03-27,all-access,all-agents,567
en.wikipedia,The_Forty_Rules_of_Love,daily,2020-03-28,all-access,all-agents,684
en.wikipedia,The_Forty_Rules_of_Love,daily,2020-03-29,all-access,all-agents,596
en.wikipedia,The_Forty_Rules_of_Love,daily,2020-03-30,all-access,all-agents,595
en.wikipedia,The_Forty_Rules_of_Love,daily,2020-03-31,all-access,all-agents,548
en.wikipedia,The_Forty_Rules_of_Love,daily,2020-04-01,all-access,all-agents,582
en.wikipedia,The_Forty_Rules_of_Love,daily,2020-04-02,all-access,all-agents,585
en.wikipedia,The_Forty_Rules_of_Love,daily,2020-04-03,all-access,all-agents,616
en.wikipedia,The_Forty_Rules_of_Love,daily,2020-04-04,all-access,all-agents,594
en.wikipedia,The_Forty_Rules_of_Love,daily,2020-04-05,all-access,all-agents,597
en.wikipedia,The_Forty_Rules_of_Love,daily,2020-04-06,all-access,all-agents,586
en.wikipedia,The_Forty_Rules_of_Love,daily,2020-04-07,all-access,all-agents,596
en.wikipedia,The_Forty_Rules_of_Love,daily,2020-04-08,all-access,all-agents,547
en.wikipedia,The_Forty_Rules_of_Love,daily,2020-04-09,all-access,all-agents,508
en.wikipedia,The_Forty_Rules_of_Love,daily,2020-04-10,all-access,all-agents,681
en.wikipedia,The_Forty_Rules_of_Love,daily,2020-04-11,all-access,all-agents,683
en.wikipedia,The_Forty_Rules_of_Love,daily,2020-04-12,all-access,all-agents,677
en.wikipedia,The_Forty_Rules_of_Love,daily,2020-04-13,all-access,all-agents,607
en.wikipedia,The_Forty_Rules_of_Love,daily,2020-04-14,all-access,all-agents,561
en.wikipedia,The_Forty_Rules_of_Love,daily,2020-04-15,all-access,all-agents,562
en.wikipedia,The_Forty_Rules_of_Love,daily,2020-04-16,all-access,all-agents,562
en.wikipedia,The_Forty_Rules_of_Love,daily,2020-04-17,all-access,all-agents,538
en.wikipedia,The_Forty_Rules_of_Love,daily,2020-04-18,all-access,all-agents,636
en.wikipedia,The_Forty_Rules_of_Love,daily,2020-04-19,all-access,all-agents,550
en.wikipedia,The_Forty_Rules_of_Love,daily,2020-04-20,all-access,all-agents,573
en.wikipedia,The_Forty_Rules_of_Love,daily,2020-04-21,all-access,all-agents,516
en.wikipedia,The_Forty_Rules_of_Love,daily,2020-04-22,all-access,all-agents,586
en.wikipedia,The_Forty_Rules_of_Love,daily,2020-04-23,all-access,all-agents,725
en.wikipedia,The_Forty_Rules_of_Love,daily,2020-04-24,all-access,all-agents,608
en.wikipedia,The_Forty_Rules_of_Love,daily,2020-04-25,all-access,all-agents,515
en.wikipedia,The_Forty_Rules_of_Love,daily,2020-04-26,all-access,all-agents,518
en.wikipedia,The_Forty_Rules_of_Love,daily,2020-04-27,all-access,all-agents,552
en.wikipedia,The_Forty_Rules_of_Love,daily,2020-04-28,all-access,all-agents,548
en.wikipedia,The_Forty_Rules_of_Love,daily,2020-04-29,all-access,all-agents,477
en.wikipedia,The_Forty_Rules_of_Love,daily,2020-04-30,all-access,all-agents,526
en.wikipedia,The_Forty_Rules_of_Love,daily,2020-05-01,all-access,all-agents,499
en.wikipedia,The_Forty_Rules_of_Love,daily,2020-05-02,all-access,all-agents,566
en.wikipedia,The_Forty_Rules_of_Love,daily,2020-05-03,all-access,all-agents,541
en.wikipedia,The_Forty_Rules_of_Love,daily,2020-05-04,all-access,all-agents,503
en.wikipedia,The_Forty_Rules_of_Love,daily,2020-05-05,all-access,all-agents,472
en.wikipedia,The_Forty_Rules_of_Love,daily,2020-05-06,all-access,all-agents,498
en.wikipedia,The_Forty_Rules_of_Love,daily,2020-05-07,all-access,all-agents,602
en.wikipedia,The_Forty_Rules_of_Love,daily,2020-05-08,all-access,all-agents,557
en.wikipedia,The_Forty_Rules_of_Love,daily,2020-05-09,all-access,all-agents,587
en.wikipedia,The_Forty_Rules_of_Love,daily,2020-05-10,all-access,all-agents,493
en.wikipedia,The_Forty_Rules_of_Love,daily,2020-05-11,all-access,all-agents,519
en.wikipedia,The_Forty_Rules_of_Love,daily,2020-05-12,all-access,all-agents,478
en.wikipedia,The_Forty_Rules_of_Love,daily,2020-05-13,all-access,all-agents,635
en.wikipedia,The_Forty_Rules_of_Love,daily,2020-05-14,all-access,all-agents,476
en.wikipedia,The_Forty_Rules_of_Love,daily,2020-05-15,all-access,all-agents,439
en.wikipedia,The_Forty_Rules_of_Love,daily,2020-05-16,all-access,all-agents,470
en.wikipedia,The_Forty_Rules_of_Love,daily,2020-05-17,all-access,all-agents,488
en.wikipedia,The_Forty_Rules_of_Love,daily,2020-05-18,all-access,all-agents,525
en.wikipedia,The_Forty_Rules_of_Love,daily,2020-05-19,all-access,all-agents,471
en.wikipedia,The_Forty_Rules_of_Love,daily,2020-05-20,all-access,all-agents,482
en.wikipedia,The_Forty_Rules_of_Love,daily,2020-05-21,all-access,all-agents,446
en.wikipedia,The_Forty_Rules_of_Love,daily,2020-05-22,all-access,all-agents,445
en.wikipedia,The_Forty_Rules_of_Love,daily,2020-05-23,all-access,all-agents,422
en.wikipedia,The_Forty_Rules_of_Love,daily,2020-05-24,all-access,all-agents,418
en.wikipedia,The_Forty_Rules_of_Love,daily,2020-05-25,all-access,all-agents,515
en.wikipedia,The_Forty_Rules_of_Love,daily,2020-05-26,all-access,all-agents,442
en.wikipedia,The_Forty_Rules_of_Love,daily,2020-05-27,all-access,all-agents,467
en.wikipedia,The_Forty_Rules_of_Love,daily,2020-05-28,all-access,all-agents,481
en.wikipedia,The_Forty_Rules_of_Love,daily,2020-05-29,all-access,all-agents,476
en.wikipedia,The_Forty_Rules_of_Love,daily,2020-05-30,all-access,all-agents,482
en.wikipedia,The_Forty_Rules_of_Love,daily,2020-05-31,all-access,all-agents,490
en.wikipedia,The_Forty_Rules_of_Love,daily,2020-06-01,all-access,all-agents,465
en.wikipedia,The_Forty_Rules_of_Love,daily,2020-06-02,all-access,all-agents,457
en.wikipedia,The_Forty_Rules_of_Love,daily,2020-06-03,all-access,all-agents,456
en.wikipedia,The_Forty_Rules_of_Love,daily,2020-06-04,all-access,all-agents,660
en.wikipedia,The_Forty_Rules_of_Love,daily,2020-06-05,all-access,all-agents,455
en.wikipedia,The_Forty_Rules_of_Love,daily,2020-06-06,all-access,all-agents,495
en.wikipedia,The_Forty_Rules_of_Love,daily,2020-06-07,all-access,all-agents,494
en.wikipedia,The_Forty_Rules_of_Love,daily,2020-06-08,all-access,all-agents,501
en.wikipedia,The_Forty_Rules_of_Love,daily,2020-06-09,all-access,all-agents,528
en.wikipedia,The_Forty_Rules_of_Love,daily,2020-06-10,all-access,all-agents,549
en.wikipedia,The_Forty_Rules_of_Love,daily,2020-06-11,all-access,all-agents,524
en.wikipedia,The_Forty_Rules_of_Love,daily,2020-06-12,all-access,all-agents,428
en.wikipedia,The_Forty_Rules_of_Love,daily,2020-06-13,all-access,all-agents,507
en.wikipedia,The_Forty_Rules_of_Love,daily,2020-06-14,all-access,all-agents,509
en.wikipedia,The_Forty_Rules_of_Love,daily,2020-06-15,all-access,all-agents,501
en.wikipedia,The_Forty_Rules_of_Love,daily,2020-06-16,all-access,all-agents,562
en.wikipedia,The_Forty_Rules_of_Love,daily,2020-06-17,all-access,all-agents,536
en.wikipedia,The_Forty_Rules_of_Love,daily,2020-06-18,all-access,all-agents,531
en.wikipedia,The_Forty_Rules_of_Love,daily,2020-06-19,all-access,all-agents,487
en.wikipedia,The_Forty_Rules_of_Love,daily,2020-06-20,all-access,all-agents,464
en.wikipedia,The_Forty_Rules_of_Love,daily,2020-06-21,all-access,all-agents,475
en.wikipedia,The_Forty_Rules_of_Love,daily,2020-06-22,all-access,all-agents,483
en.wikipedia,The_Forty_Rules_of_Love,daily,2020-06-23,all-access,all-agents,445
en.wikipedia,The_Forty_Rules_of_Love,daily,2020-06-24,all-access,all-agents,448
en.wikipedia,The_Forty_Rules_of_Love,daily,2020-06-25,all-access,all-agents,508
en.wikipedia,The_Forty_Rules_of_Love,daily,2020-06-26,all-access,all-agents,521
en.wikipedia,The_Forty_Rules_of_Love,daily,2020-06-27,all-access,all-agents,492
en.wikipedia,The_Forty_Rules_of_Love,daily,2020-06-28,all-access,all-agents,539
en.wikipedia,The_Forty_Rules_of_Love,daily,2020-06-29,all-access,all-agents,472
en.wikipedia,The_Forty_Rules_of_Love,daily,2020-06-30,all-access,all-agents,446
en.wikipedia,The_Forty_Rules_of_Love,daily,2020-07-01,all-access,all-agents,417
en.wikipedia,The_Forty_Rules_of_Love,daily,2020-07-02,all-access,all-agents,505
en.wikipedia,The_Forty_Rules_of_Love,daily,2020-07-03,all-access,all-agents,484
en.wikipedia,The_Forty_Rules_of_Love,daily,2020-07-04,all-access,all-agents,481
en.wikipedia,The_Forty_Rules_of_Love,daily,2020-07-05,all-access,all-agents,548
en.wikipedia,The_Forty_Rules_of_Love,daily,2020-07-06,all-access,all-agents,470
en.wikipedia,The_Forty_Rules_of_Love,daily,2020-07-07,all-access,all-agents,549
en.wikipedia,The_Forty_Rules_of_Love,daily,2020-07-08,all-access,all-agents,422
en.wikipedia,The_Forty_Rules_of_Love,daily,2020-07-09,all-access,all-agents,485
en.wikipedia,The_Forty_Rules_of_Love,daily,2020-07-10,all-access,all-agents,428
en.wikipedia,The_Forty_Rules_of_Love,daily,2020-07-11,all-access,all-agents,461
en.wikipedia,The_Forty_Rules_of_Love,daily,2020-07-12,all-access,all-agents,525
en.wikipedia,The_Forty_Rules_of_Love,daily,2020-07-13,all-access,all-agents,515
en.wikipedia,The_Forty_Rules_of_Love,daily,2020-07-14,all-access,all-agents,434
en.wikipedia,The_Forty_Rules_of_Love,daily,2020-07-15,all-access,all-agents,419
en.wikipedia,The_Forty_Rules_of_Love,daily,2020-07-16,all-access,all-agents,434
en.wikipedia,The_Forty_Rules_of_Love,daily,2020-07-17,all-access,all-agents,417
en.wikipedia,The_Forty_Rules_of_Love,daily,2020-07-18,all-access,all-agents,420
en.wikipedia,The_Forty_Rules_of_Love,daily,2020-07-19,all-access,all-agents,545
en.wikipedia,The_Forty_Rules_of_Love,daily,2020-07-20,all-access,all-agents,447
en.wikipedia,The_Forty_Rules_of_Love,daily,2020-07-21,all-access,all-agents,467
en.wikipedia,The_Forty_Rules_of_Love,daily,2020-07-22,all-access,all-agents,492
en.wikipedia,The_Forty_Rules_of_Love,daily,2020-07-23,all-access,all-agents,451
en.wikipedia,The_Forty_Rules_of_Love,daily,2020-07-24,all-access,all-agents,418
en.wikipedia,The_Forty_Rules_of_Love,daily,2020-07-25,all-access,all-agents,430
en.wikipedia,The_Forty_Rules_of_Love,daily,2020-07-26,all-access,all-agents,500
en.wikipedia,The_Forty_Rules_of_Love,daily,2020-07-27,all-access,all-agents,501
en.wikipedia,The_Forty_Rules_of_Love,daily,2020-07-28,all-access,all-agents,423
en.wikipedia,The_Forty_Rules_of_Love,daily,2020-07-29,all-access,all-agents,433
en.wikipedia,The_Forty_Rules_of_Love,daily,2020-07-30,all-access,all-agents,403
en.wikipedia,The_Forty_Rules_of_Love,daily,2020-07-31,all-access,all-agents,361
en.wikipedia,The_Forty_Rules_of_Love,daily,2020-08-01,all-access,all-agents,421
en.wikipedia,The_Forty_Rules_of_Love,daily,2020-08-02,all-access,all-agents,413
en.wikipedia,The_Forty_Rules_of_Love,daily,2020-08-03,all-access,all-agents,449
en.wikipedia,The_Forty_Rules_of_Love,daily,2020-08-04,all-access,all-agents,431
en.wikipedia,The_Forty_Rules_of_Love,daily,2020-08-05,all-access,all-agents,410
en.wikipedia,The_Forty_Rules_of_Love,daily,2020-08-06,all-access,all-agents,453
en.wikipedia,The_Forty_Rules_of_Love,daily,2020-08-07,all-access,all-agents,481
en.wikipedia,The_Forty_Rules_of_Love,daily,2020-08-08,all-access,all-agents,515
en.wikipedia,The_Forty_Rules_of_Love,daily,2020-08-09,all-access,all-agents,415
en.wikipedia,The_Forty_Rules_of_Love,daily,2020-08-10,all-access,all-agents,407
en.wikipedia,The_Forty_Rules_of_Love,daily,2020-08-11,all-access,all-agents,398
en.wikipedia,The_Forty_Rules_of_Love,daily,2020-08-12,all-access,all-agents,452
en.wikipedia,The_Forty_Rules_of_Love,daily,2020-08-13,all-access,all-agents,500
en.wikipedia,The_Forty_Rules_of_Love,daily,2020-08-14,all-access,all-agents,396
en.wikipedia,The_Forty_Rules_of_Love,daily,2020-08-15,all-access,all-agents,416
en.wikipedia,The_Forty_Rules_of_Love,daily,2020-08-16,all-access,all-agents,471
en.wikipedia,The_Forty_Rules_of_Love,daily,2020-08-17,all-access,all-agents,501
en.wikipedia,The_Forty_Rules_of_Love,daily,2020-08-18,all-access,all-agents,500
en.wikipedia,The_Forty_Rules_of_Love,daily,2020-08-19,all-access,all-agents,456
en.wikipedia,The_Forty_Rules_of_Love,daily,2020-08-20,all-access,all-agents,480
en.wikipedia,The_Forty_Rules_of_Love,daily,2020-08-21,all-access,all-agents,464
en.wikipedia,The_Forty_Rules_of_Love,daily,2020-08-22,all-access,all-agents,484
en.wikipedia,The_Forty_Rules_of_Love,daily,2020-08-23,all-access,all-agents,699
en.wikipedia,The_Forty_Rules_of_Love,daily,2020-08-24,all-access,all-agents,557
en.wikipedia,The_Forty_Rules_of_Love,daily,2020-08-25,all-access,all-agents,527
en.wikipedia,The_Forty_Rules_of_Love,daily,2020-08-26,all-access,all-agents,500
en.wikipedia,The_Forty_Rules_of_Love,daily,2020-08-27,all-access,all-agents,484
en.wikipedia,The_Forty_Rules_of_Love,daily,2020-08-28,all-access,all-agents,494
en.wikipedia,The_Forty_Rules_of_Love,daily,2020-08-29,all-access,all-agents,518
en.wikipedia,The_Forty_Rules_of_Love,daily,2020-08-30,all-access,all-agents,520
en.wikipedia,The_Forty_Rules_of_Love,daily,2020-08-31,all-access,all-agents,458
en.wikipedia,The_Forty_Rules_of_Love,daily,2020-09-01,all-access,all-agents,441
en.wikipedia,The_Forty_Rules_of_Love,daily,2020-09-02,all-access,all-agents,479
en.wikipedia,The_Forty_Rules_of_Love,daily,2020-09-03,all-access,all-agents,468
en.wikipedia,The_Forty_Rules_of_Love,daily,2020-09-04,all-access,all-agents,533
en.wikipedia,The_Forty_Rules_of_Love,daily,2020-09-05,all-access,all-agents,550
en.wikipedia,The_Forty_Rules_of_Love,daily,2020-09-06,all-access,all-agents,537
en.wikipedia,The_Forty_Rules_of_Love,daily,2020-09-07,all-access,all-agents,570
en.wikipedia,The_Forty_Rules_of_Love,daily,2020-09-08,all-access,all-agents,601
en.wikipedia,The_Forty_Rules_of_Love,daily,2020-09-09,all-access,all-agents,485
en.wikipedia,The_Forty_Rules_of_Love,daily,2020-09-10,all-access,all-agents,491
en.wikipedia,The_Forty_Rules_of_Love,daily,2020-09-11,all-access,all-agents,468
en.wikipedia,The_Forty_Rules_of_Love,daily,2020-09-12,all-access,all-agents,440
en.wikipedia,The_Forty_Rules_of_Love,daily,2020-09-13,all-access,all-agents,458
en.wikipedia,The_Forty_Rules_of_Love,daily,2020-09-14,all-access,all-agents,428
en.wikipedia,The_Forty_Rules_of_Love,daily,2020-09-15,all-access,all-agents,418
en.wikipedia,The_Forty_Rules_of_Love,daily,2020-09-16,all-access,all-agents,447
en.wikipedia,The_Forty_Rules_of_Love,daily,2020-09-17,all-access,all-agents,435
en.wikipedia,The_Forty_Rules_of_Love,daily,2020-09-18,all-access,all-agents,433
en.wikipedia,The_Forty_Rules_of_Love,daily,2020-09-19,all-access,all-agents,406
en.wikipedia,The_Forty_Rules_of_Love,daily,2020-09-20,all-access,all-agents,419
en.wikipedia,The_Forty_Rules_of_Love,daily,2020-09-21,all-access,all-agents,386
en.wikipedia,The_Forty_Rules_of_Love,daily,2020-09-22,all-access,all-agents,388
en.wikipedia,The_Forty_Rules_of_Love,daily,2020-09-23,all-access,all-agents,454
en.wikipedia,The_Forty_Rules_of_Love,daily,2020-09-24,all-access,all-agents,422
en.wikipedia,The_Forty_Rules_of_Love,daily,2020-09-25,all-access,all-agents,407
en.wikipedia,The_Forty_Rules_of_Love,daily,2020-09-26,all-access,all-agents,404
en.wikipedia,The_Forty_Rules_of_Love,daily,2020-09-27,all-access,all-agents,404
en.wikipedia,The_Forty_Rules_of_Love,daily,2020-09-28,all-access,all-agents,438
en.wikipedia,The_Forty_Rules_of_Love,daily,2020-09-29,all-access,all-agents,410
en.wikipedia,The_Forty_Rules_of_Love,daily,2020-09-30,all-access,all-agents,394
en.wikipedia,The_Forty_Rules_of_Love,daily,2020-10-01,all-access,all-agents,405
en.wikipedia,The_Forty_Rules_of_Love,daily,2020-10-02,all-access,all-agents,353
en.wikipedia,The_Forty_Rules_of_Love,daily,2020-10-03,all-access,all-agents,1665
en.wikipedia,The_Forty_Rules_of_Love,daily,2020-10-04,all-access,all-agents,2806
en.wikipedia,The_Forty_Rules_of_Love,daily,2020-10-05,all-access,all-agents,2698
en.wikipedia,The_Forty_Rules_of_Love,daily,2020-10-06,all-access,all-agents,1868
en.wikipedia,The_Forty_Rules_of_Love,daily,2020-10-07,all-access,all-agents,1355
en.wikipedia,The_Forty_Rules_of_Love,daily,2020-10-08,all-access,all-agents,966
en.wikipedia,The_Forty_Rules_of_Love,daily,2020-10-09,all-access,all-agents,819
en.wikipedia,The_Forty_Rules_of_Love,daily,2020-10-10,all-access,all-agents,795
en.wikipedia,The_Forty_Rules_of_Love,daily,2020-10-11,all-access,all-agents,644
en.wikipedia,The_Forty_Rules_of_Love,daily,2020-10-12,all-access,all-agents,701
en.wikipedia,The_Forty_Rules_of_Love,daily,2020-10-13,all-access,all-agents,697
en.wikipedia,The_Forty_Rules_of_Love,daily,2020-10-14,all-access,all-agents,635
en.wikipedia,The_Forty_Rules_of_Love,daily,2020-10-15,all-access,all-agents,587
en.wikipedia,The_Forty_Rules_of_Love,daily,2020-10-16,all-access,all-agents,545
en.wikipedia,The_Forty_Rules_of_Love,daily,2020-10-17,all-access,all-agents,556
en.wikipedia,The_Forty_Rules_of_Love,daily,2020-10-18,all-access,all-agents,630
en.wikipedia,The_Forty_Rules_of_Love,daily,2020-10-19,all-access,all-agents,660
en.wikipedia,The_Forty_Rules_of_Love,daily,2020-10-20,all-access,all-agents,620
en.wikipedia,The_Forty_Rules_of_Love,daily,2020-10-21,all-access,all-agents,533
en.wikipedia,The_Forty_Rules_of_Love,daily,2020-10-22,all-access,all-agents,573
en.wikipedia,The_Forty_Rules_of_Love,daily,2020-10-23,all-access,all-agents,480
en.wikipedia,The_Forty_Rules_of_Love,daily,2020-10-24,all-access,all-agents,502
en.wikipedia,The_Forty_Rules_of_Love,daily,2020-10-25,all-access,all-agents,530
en.wikipedia,The_Forty_Rules_of_Love,daily,2020-10-26,all-access,all-agents,578
en.wikipedia,The_Forty_Rules_of_Love,daily,2020-10-27,all-access,all-agents,517
en.wikipedia,The_Forty_Rules_of_Love,daily,2020-10-28,all-access,all-agents,445
en.wikipedia,The_Forty_Rules_of_Love,daily,2020-10-29,all-access,all-agents,448
en.wikipedia,The_Forty_Rules_of_Love,daily,2020-10-30,all-access,all-agents,467
en.wikipedia,The_Forty_Rules_of_Love,daily,2020-10-31,all-access,all-agents,442
en.wikipedia,The_Forty_Rules_of_Love,daily,2020-11-01,all-access,all-agents,497
en.wikipedia,The_Forty_Rules_of_Love,daily,2020-11-02,all-access,all-agents,476
en.wikipedia,The_Forty_Rules_of_Love,daily,2020-11-03,all-access,all-agents,473
en.wikipedia,The_Forty_Rules_of_Love,daily,2020-11-04,all-access,all-agents,392
en.wikipedia,The_Forty_Rules_of_Love,daily,2020-11-05,all-access,all-agents,446
en.wikipedia,The_Forty_Rules_of_Love,daily,2020-11-06,all-access,all-agents,401
en.wikipedia,The_Forty_Rules_of_Love,daily,2020-11-07,all-access,all-agents,388
en.wikipedia,The_Forty_Rules_of_Love,daily,2020-11-08,all-access,all-agents,439
en.wikipedia,The_Forty_Rules_of_Love,daily,2020-11-09,all-access,all-agents,488
en.wikipedia,The_Forty_Rules_of_Love,daily,2020-11-10,all-access,all-agents,448
en.wikipedia,The_Forty_Rules_of_Love,daily,2020-11-11,all-access,all-agents,495
en.wikipedia,The_Forty_Rules_of_Love,daily,2020-11-12,all-access,all-agents,400
en.wikipedia,The_Forty_Rules_of_Love,daily,2020-11-13,all-access,all-agents,412
en.wikipedia,The_Forty_Rules_of_Love,daily,2020-11-14,all-access,all-agents,427
en.wikipedia,The_Forty_Rules_of_Love,daily,2020-11-15,all-access,all-agents,405
en.wikipedia,The_Forty_Rules_of_Love,daily,2020-11-16,all-access,all-agents,476
en.wikipedia,The_Forty_Rules_of_Love,daily,2020-11-17,all-access,all-agents,478
en.wikipedia,The_Forty_Rules_of_Love,daily,2020-11-18,all-access,all-agents,501
en.wikipedia,The_Forty_Rules_of_Love,daily,2020-11-19,all-access,all-agents,413
en.wikipedia,The_Forty_Rules_of_Love,daily,2020-11-20,all-access,all-agents,406
en.wikipedia,The_Forty_Rules_of_Love,daily,2020-11-21,all-access,all-agents,413
en.wikipedia,The_Forty_Rules_of_Love,daily,2020-11-22,all-access,all-agents,480
en.wikipedia,The_Forty_Rules_of_Love,daily,2020-11-23,all-access,all-agents,413
en.wikipedia,The_Forty_Rules_of_Love,daily,2020-11-24,all-access,all-agents,512
en.wikipedia,The_Forty_Rules_of_Love,daily,2020-11-25,all-access,all-agents,493
en.wikipedia,The_Forty_Rules_of_Love,daily,2020-11-26,all-access,all-agents,419
en.wikipedia,The_Forty_Rules_of_Love,daily,2020-11-27,all-access,all-agents,401
en.wikipedia,The_Forty_Rules_of_Love,daily,2020-11-28,all-access,all-agents,397
en.wikipedia,The_Forty_Rules_of_Love,daily,2020-11-29,all-access,all-agents,450
en.wikipedia,The_Forty_Rules_of_Love,daily,2020-11-30,all-access,all-agents,467
en.wikipedia,The_Forty_Rules_of_Love,daily,2020-12-01,all-access,all-agents,456
en.wikipedia,The_Forty_Rules_of_Love,daily,2020-12-02,all-access,all-agents,437
en.wikipedia,The_Forty_Rules_of_Love,daily,2020-12-03,all-access,all-agents,451
en.wikipedia,The_Forty_Rules_of_Love,daily,2020-12-04,all-access,all-agents,419
en.wikipedia,The_Forty_Rules_of_Love,daily,2020-12-05,all-access,all-agents,369
en.wikipedia,The_Forty_Rules_of_Love,daily,2020-12-06,all-access,all-agents,539
en.wikipedia,The_Forty_Rules_of_Love,daily,2020-12-07,all-access,all-agents,438
en.wikipedia,The_Forty_Rules_of_Love,daily,2020-12-08,all-access,all-agents,451
en.wikipedia,The_Forty_Rules_of_Love,daily,2020-12-09,all-access,all-agents,442
en.wikipedia,The_Forty_Rules_of_Love,daily,2020-12-10,all-access,all-agents,554
en.wikipedia,The_Forty_Rules_of_Love,daily,2020-12-11,all-access,all-agents,462
en.wikipedia,The_Forty_Rules_of_Love,daily,2020-12-12,all-access,all-agents,445
en.wikipedia,The_Forty_Rules_of_Love,daily,2020-12-13,all-access,all-agents,477
en.wikipedia,The_Forty_Rules_of_Love,daily,2020-12-14,all-access,all-agents,482
en.wikipedia,The_Forty_Rules_of_Love,daily,2020-12-15,all-access,all-agents,451
en.wikipedia,The_Forty_Rules_of_Love,daily,2020-12-16,all-access,all-agents,369
en.wikipedia,The_Forty_Rules_of_Love,daily,2020-12-17,all-access,all-agents,431
en.wikipedia,The_Forty_Rules_of_Love,daily,2020-12-18,all-access,all-agents,403
en.wikipedia,The_Forty_Rules_of_Love,daily,2020-12-19,all-access,all-agents,430
en.wikipedia,The_Forty_Rules_of_Love,daily,2020-12-20,all-access,all-agents,432
en.wikipedia,The_Forty_Rules_of_Love,daily,2020-12-21,all-access,all-agents,465
en.wikipedia,The_Forty_Rules_of_Love,daily,2020-12-22,all-access,all-agents,469
en.wikipedia,The_Forty_Rules_of_Love,daily,2020-12-23,all-access,all-agents,424
en.wikipedia,The_Forty_Rules_of_Love,daily,2020-12-24,all-access,all-agents,398
en.wikipedia,The_Forty_Rules_of_Love,daily,2020-12-25,all-access,all-agents,354
en.wikipedia,The_Forty_Rules_of_Love,daily,2020-12-26,all-access,all-agents,424
en.wikipedia,The_Forty_Rules_of_Love,daily,2020-12-27,all-access,all-agents,455
en.wikipedia,The_Forty_Rules_of_Love,daily,2020-12-28,all-access,all-agents,440
en.wikipedia,The_Forty_Rules_of_Love,daily,2020-12-29,all-access,all-agents,455
en.wikipedia,The_Forty_Rules_of_Love,daily,2020-12-30,all-access,all-agents,447
en.wikipedia,The_Forty_Rules_of_Love,daily,2020-12-31,all-access,all-agents,402
en.wikipedia,The_Forty_Rules_of_Love,daily,2021-01-01,all-access,all-agents,405
en.wikipedia,The_Forty_Rules_of_Love,daily,2021-01-02,all-access,all-agents,425
en.wikipedia,The_Forty_Rules_of_Love,daily,2021-01-03,all-access,all-agents,501
en.wikipedia,The_Forty_Rules_of_Love,daily,2021-01-04,all-access,all-agents,476
en.wikipedia,The_Forty_Rules_of_Love,daily,2021-01-05,all-access,all-agents,447
en.wikipedia,The_Forty_Rules_of_Love,daily,2021-01-06,all-access,all-agents,460
en.wikipedia,The_Forty_Rules_of_Love,daily,2021-01-07,all-access,all-agents,492
en.wikipedia,The_Forty_Rules_of_Love,daily,2021-01-08,all-access,all-agents,403
en.wikipedia,The_Forty_Rules_of_Love,daily,2021-01-09,all-access,all-agents,423
en.wikipedia,The_Forty_Rules_of_Love,daily,2021-01-10,all-access,all-agents,496
en.wikipedia,The_Forty_Rules_of_Love,daily,2021-01-11,all-access,all-agents,465
en.wikipedia,The_Forty_Rules_of_Love,daily,2021-01-12,all-access,all-agents,401
en.wikipedia,The_Forty_Rules_of_Love,daily,2021-01-13,all-access,all-agents,412
en.wikipedia,The_Forty_Rules_of_Love,daily,2021-01-14,all-access,all-agents,444
en.wikipedia,The_Forty_Rules_of_Love,daily,2021-01-15,all-access,all-agents,397
en.wikipedia,The_Forty_Rules_of_Love,daily,2021-01-16,all-access,all-agents,475
en.wikipedia,The_Forty_Rules_of_Love,daily,2021-01-17,all-access,all-agents,468
en.wikipedia,The_Forty_Rules_of_Love,daily,2021-01-18,all-access,all-agents,405
en.wikipedia,The_Forty_Rules_of_Love,daily,2021-01-19,all-access,all-agents,388
en.wikipedia,The_Forty_Rules_of_Love,daily,2021-01-20,all-access,all-agents,467
en.wikipedia,The_Forty_Rules_of_Love,daily,2021-01-21,all-access,all-agents,406
en.wikipedia,The_Forty_Rules_of_Love,daily,2021-01-22,all-access,all-agents,394
en.wikipedia,The_Forty_Rules_of_Love,daily,2021-01-23,all-access,all-agents,396
en.wikipedia,The_Forty_Rules_of_Love,daily,2021-01-24,all-access,all-agents,479
en.wikipedia,The_Forty_Rules_of_Love,daily,2021-01-25,all-access,all-agents,407
en.wikipedia,The_Forty_Rules_of_Love,daily,2021-01-26,all-access,all-agents,421
en.wikipedia,The_Forty_Rules_of_Love,daily,2021-01-27,all-access,all-agents,460
en.wikipedia,The_Forty_Rules_of_Love,daily,2021-01-28,all-access,all-agents,428
en.wikipedia,The_Forty_Rules_of_Love,daily,2021-01-29,all-access,all-agents,400
en.wikipedia,The_Forty_Rules_of_Love,daily,2021-01-30,all-access,all-agents,377
en.wikipedia,The_Forty_Rules_of_Love,daily,2021-01-31,all-access,all-agents,423
en.wikipedia,The_Forty_Rules_of_Love,daily,2021-02-01,all-access,all-agents,430
en.wikipedia,The_Forty_Rules_of_Love,daily,2021-02-02,all-access,all-agents,421
en.wikipedia,The_Forty_Rules_of_Love,daily,2021-02-03,all-access,all-agents,490
en.wikipedia,The_Forty_Rules_of_Love,daily,2021-02-04,all-access,all-agents,497
en.wikipedia,The_Forty_Rules_of_Love,daily,2021-02-05,all-access,all-agents,458
en.wikipedia,The_Forty_Rules_of_Love,daily,2021-02-06,all-access,all-agents,553
en.wikipedia,The_Forty_Rules_of_Love,daily,2021-02-07,all-access,all-agents,510
en.wikipedia,The_Forty_Rules_of_Love,daily,2021-02-08,all-access,all-agents,425
en.wikipedia,The_Forty_Rules_of_Love,daily,2021-02-09,all-access,all-agents,420
en.wikipedia,The_Forty_Rules_of_Love,daily,2021-02-10,all-access,all-agents,393
en.wikipedia,The_Forty_Rules_of_Love,daily,2021-02-11,all-access,all-agents,433
en.wikipedia,The_Forty_Rules_of_Love,daily,2021-02-12,all-access,all-agents,404
en.wikipedia,The_Forty_Rules_of_Love,daily,2021-02-13,all-access,all-agents,402
en.wikipedia,The_Forty_Rules_of_Love,daily,2021-02-14,all-access,all-agents,440
en.wikipedia,The_Forty_Rules_of_Love,daily,2021-02-15,all-access,all-agents,421
en.wikipedia,The_Forty_Rules_of_Love,daily,2021-02-16,all-access,all-agents,391
en.wikipedia,The_Forty_Rules_of_Love,daily,2021-02-17,all-access,all-agents,395
en.wikipedia,The_Forty_Rules_of_Love,daily,2021-02-18,all-access,all-agents,388
en.wikipedia,The_Forty_Rules_of_Love,daily,2021-02-19,all-access,all-agents,411
en.wikipedia,The_Forty_Rules_of_Love,daily,2021-02-20,all-access,all-agents,402
en.wikipedia,The_Forty_Rules_of_Love,daily,2021-02-21,all-access,all-agents,465
en.wikipedia,The_Forty_Rules_of_Love,daily,2021-02-22,all-access,all-agents,382
en.wikipedia,The_Forty_Rules_of_Love,daily,2021-02-23,all-access,all-agents,402
en.wikipedia,The_Forty_Rules_of_Love,daily,2021-02-24,all-access,all-agents,392
en.wikipedia,The_Forty_Rules_of_Love,daily,2021-02-25,all-access,all-agents,411
en.wikipedia,The_Forty_Rules_of_Love,daily,2021-02-26,all-access,all-agents,346
en.wikipedia,The_Forty_Rules_of_Love,daily,2021-02-27,all-access,all-agents,404
en.wikipedia,The_Forty_Rules_of_Love,daily,2021-02-28,all-access,all-agents,395
en.wikipedia,The_Forty_Rules_of_Love,daily,2021-03-01,all-access,all-agents,402
en.wikipedia,The_Forty_Rules_of_Love,daily,2021-03-02,all-access,all-agents,376
en.wikipedia,The_Forty_Rules_of_Love,daily,2021-03-03,all-access,all-agents,399
en.wikipedia,The_Forty_Rules_of_Love,daily,2021-03-04,all-access,all-agents,423
en.wikipedia,The_Forty_Rules_of_Love,daily,2021-03-05,all-access,all-agents,361
en.wikipedia,The_Forty_Rules_of_Love,daily,2021-03-06,all-access,all-agents,360
en.wikipedia,The_Forty_Rules_of_Love,daily,2021-03-07,all-access,all-agents,451
en.wikipedia,The_Forty_Rules_of_Love,daily,2021-03-08,all-access,all-agents,417
en.wikipedia,The_Forty_Rules_of_Love,daily,2021-03-09,all-access,all-agents,372
en.wikipedia,The_Forty_Rules_of_Love,daily,2021-03-10,all-access,all-agents,351
en.wikipedia,The_Forty_Rules_of_Love,daily,2021-03-11,all-access,all-agents,429
en.wikipedia,The_Forty_Rules_of_Love,daily,2021-03-12,all-access,all-agents,363
en.wikipedia,The_Forty_Rules_of_Love,daily,2021-03-13,all-access,all-agents,364
en.wikipedia,The_Forty_Rules_of_Love,daily,2021-03-14,all-access,all-agents,397
en.wikipedia,The_Forty_Rules_of_Love,daily,2021-03-15,all-access,all-agents,390
en.wikipedia,The_Forty_Rules_of_Love,daily,2021-03-16,all-access,all-agents,434
en.wikipedia,The_Forty_Rules_of_Love,daily,2021-03-17,all-access,all-agents,406
en.wikipedia,The_Forty_Rules_of_Love,daily,2021-03-18,all-access,all-agents,406
en.wikipedia,The_Forty_Rules_of_Love,daily,2021-03-19,all-access,all-agents,358
en.wikipedia,The_Forty_Rules_of_Love,daily,2021-03-20,all-access,all-agents,359
en.wikipedia,The_Forty_Rules_of_Love,daily,2021-03-21,all-access,all-agents,373
en.wikipedia,The_Forty_Rules_of_Love,daily,2021-03-22,all-access,all-agents,395
en.wikipedia,The_Forty_Rules_of_Love,daily,2021-03-23,all-access,all-agents,484
en.wikipedia,The_Forty_Rules_of_Love,daily,2021-03-24,all-access,all-agents,373
en.wikipedia,The_Forty_Rules_of_Love,daily,2021-03-25,all-access,all-agents,391
en.wikipedia,The_Forty_Rules_of_Love,daily,2021-03-26,all-access,all-agents,396
en.wikipedia,The_Forty_Rules_of_Love,daily,2021-03-27,all-access,all-agents,400
en.wikipedia,The_Forty_Rules_of_Love,daily,2021-03-28,all-access,all-agents,388
en.wikipedia,The_Forty_Rules_of_Love,daily,2021-03-29,all-access,all-agents,418
en.wikipedia,The_Forty_Rules_of_Love,daily,2021-03-30,all-access,all-agents,422
en.wikipedia,The_Forty_Rules_of_Love,daily,2021-03-31,all-access,all-agents,379
en.wikipedia,The_Forty_Rules_of_Love,daily,2021-04-01,all-access,all-agents,375
en.wikipedia,The_Forty_Rules_of_Love,daily,2021-04-02,all-access,all-agents,359
en.wikipedia,The_Forty_Rules_of_Love,daily,2021-04-03,all-access,all-agents,375
en.wikipedia,The_Forty_Rules_of_Love,daily,2021-04-04,all-access,all-agents,384
en.wikipedia,The_Forty_Rules_of_Love,daily,2021-04-05,all-access,all-agents,404
en.wikipedia,The_Forty_Rules_of_Love,daily,2021-04-06,all-access,all-agents,343
en.wikipedia,The_Forty_Rules_of_Love,daily,2021-04-07,all-access,all-agents,373
en.wikipedia,The_Forty_Rules_of_Love,daily,2021-04-08,all-access,all-agents,342
en.wikipedia,The_Forty_Rules_of_Love,daily,2021-04-09,all-access,all-agents,346
en.wikipedia,The_Forty_Rules_of_Love,daily,2021-04-10,all-access,all-agents,369
en.wikipedia,The_Forty_Rules_of_Love,daily,2021-04-11,all-access,all-agents,403
en.wikipedia,The_Forty_Rules_of_Love,daily,2021-04-12,all-access,all-agents,368
en.wikipedia,The_Forty_Rules_of_Love,daily,2021-04-13,all-access,all-agents,358
en.wikipedia,The_Forty_Rules_of_Love,daily,2021-04-14,all-access,all-agents,325
en.wikipedia,The_Forty_Rules_of_Love,daily,2021-04-15,all-access,all-agents,360
en.wikipedia,The_Forty_Rules_of_Love,daily,2021-04-16,all-access,all-agents,308
en.wikipedia,The_Forty_Rules_of_Love,daily,2021-04-17,all-access,all-agents,528
en.wikipedia,The_Forty_Rules_of_Love,daily,2021-04-18,all-access,all-agents,453
en.wikipedia,The_Forty_Rules_of_Love,daily,2021-04-19,all-access,all-agents,380
en.wikipedia,The_Forty_Rules_of_Love,daily,2021-04-20,all-access,all-agents,371
en.wikipedia,The_Forty_Rules_of_Love,daily,2021-04-21,all-access,all-agents,357
en.wikipedia,The_Forty_Rules_of_Love,daily,2021-04-22,all-access,all-agents,377
en.wikipedia,The_Forty_Rules_of_Love,daily,2021-04-23,all-access,all-agents,365
en.wikipedia,The_Forty_Rules_of_Love,daily,2021-04-24,all-access,all-agents,396
en.wikipedia,The_Forty_Rules_of_Love,daily,2021-04-25,all-access,all-agents,393
en.wikipedia,The_Forty_Rules_of_Love,daily,2021-04-26,all-access,all-agents,403
en.wikipedia,The_Forty_Rules_of_Love,daily,2021-04-27,all-access,all-agents,393
en.wikipedia,The_Forty_Rules_of_Love,daily,2021-04-28,all-access,all-agents,349
en.wikipedia,The_Forty_Rules_of_Love,daily,2021-04-29,all-access,all-agents,368
en.wikipedia,The_Forty_Rules_of_Love,daily,2021-04-30,all-access,all-agents,346
en.wikipedia,The_Forty_Rules_of_Love,daily,2021-05-01,all-access,all-agents,351
en.wikipedia,The_Forty_Rules_of_Love,daily,2021-05-02,all-access,all-agents,409
en.wikipedia,The_Forty_Rules_of_Love,daily,2021-05-03,all-access,all-agents,369
en.wikipedia,The_Forty_Rules_of_Love,daily,2021-05-04,all-access,all-agents,394
en.wikipedia,The_Forty_Rules_of_Love,daily,2021-05-05,all-access,all-agents,389
en.wikipedia,The_Forty_Rules_of_Love,daily,2021-05-06,all-access,all-agents,368
en.wikipedia,The_Forty_Rules_of_Love,daily,2021-05-07,all-access,all-agents,315
en.wikipedia,The_Forty_Rules_of_Love,daily,2021-05-08,all-access,all-agents,337
en.wikipedia,The_Forty_Rules_of_Love,daily,2021-05-09,all-access,all-agents,356
en.wikipedia,The_Forty_Rules_of_Love,daily,2021-05-10,all-access,all-agents,334
en.wikipedia,The_Forty_Rules_of_Love,daily,2021-05-11,all-access,all-agents,348
en.wikipedia,The_Forty_Rules_of_Love,daily,2021-05-12,all-access,all-agents,334
en.wikipedia,The_Forty_Rules_of_Love,daily,2021-05-13,all-access,all-agents,315
en.wikipedia,The_Forty_Rules_of_Love,daily,2021-05-14,all-access,all-agents,336
en.wikipedia,The_Forty_Rules_of_Love,daily,2021-05-15,all-access,all-agents,333
en.wikipedia,The_Forty_Rules_of_Love,daily,2021-05-16,all-access,all-agents,415
en.wikipedia,The_Forty_Rules_of_Love,daily,2021-05-17,all-access,all-agents,388
en.wikipedia,The_Forty_Rules_of_Love,daily,2021-05-18,all-access,all-agents,388
en.wikipedia,The_Forty_Rules_of_Love,daily,2021-05-19,all-access,all-agents,358
en.wikipedia,The_Forty_Rules_of_Love,daily,2021-05-20,all-access,all-agents,408
en.wikipedia,The_Forty_Rules_of_Love,daily,2021-05-21,all-access,all-agents,357
en.wikipedia,The_Forty_Rules_of_Love,daily,2021-05-22,all-access,all-agents,372
en.wikipedia,The_Forty_Rules_of_Love,daily,2021-05-23,all-access,all-agents,372
en.wikipedia,The_Forty_Rules_of_Love,daily,2021-05-24,all-access,all-agents,338
en.wikipedia,The_Forty_Rules_of_Love,daily,2021-05-25,all-access,all-agents,362
en.wikipedia,The_Forty_Rules_of_Love,daily,2021-05-26,all-access,all-agents,322
en.wikipedia,The_Forty_Rules_of_Love,daily,2021-05-27,all-access,all-agents,333
en.wikipedia,The_Forty_Rules_of_Love,daily,2021-05-28,all-access,all-agents,367
en.wikipedia,The_Forty_Rules_of_Love,daily,2021-05-29,all-access,all-agents,386
en.wikipedia,The_Forty_Rules_of_Love,daily,2021-05-30,all-access,all-agents,377
en.wikipedia,The_Forty_Rules_of_Love,daily,2021-05-31,all-access,all-agents,327
en.wikipedia,The_Forty_Rules_of_Love,daily,2021-06-01,all-access,all-agents,335
en.wikipedia,The_Forty_Rules_of_Love,daily,2021-06-02,all-access,all-agents,314
en.wikipedia,The_Forty_Rules_of_Love,daily,2021-06-03,all-access,all-agents,347
en.wikipedia,The_Forty_Rules_of_Love,daily,2021-06-04,all-access,all-agents,348
en.wikipedia,The_Forty_Rules_of_Love,daily,2021-06-05,all-access,all-agents,357
en.wikipedia,The_Forty_Rules_of_Love,daily,2021-06-06,all-access,all-agents,404
en.wikipedia,The_Forty_Rules_of_Love,daily,2021-06-07,all-access,all-agents,354
en.wikipedia,The_Forty_Rules_of_Love,daily,2021-06-08,all-access,all-agents,315
en.wikipedia,The_Forty_Rules_of_Love,daily,2021-06-09,all-access,all-agents,365
en.wikipedia,The_Forty_Rules_of_Love,daily,2021-06-10,all-access,all-agents,335
en.wikipedia,The_Forty_Rules_of_Love,daily,2021-06-11,all-access,all-agents,335
en.wikipedia,The_Forty_Rules_of_Love,daily,2021-06-12,all-access,all-agents,337
en.wikipedia,The_Forty_Rules_of_Love,daily,2021-06-13,all-access,all-agents,380
en.wikipedia,The_Forty_Rules_of_Love,daily,2021-06-14,all-access,all-agents,340
en.wikipedia,The_Forty_Rules_of_Love,daily,2021-06-15,all-access,all-agents,304
en.wikipedia,The_Forty_Rules_of_Love,daily,2021-06-16,all-access,all-agents,337
en.wikipedia,The_Forty_Rules_of_Love,daily,2021-06-17,all-access,all-agents,326
en.wikipedia,The_Forty_Rules_of_Love,daily,2021-06-18,all-access,all-agents,332
en.wikipedia,The_Forty_Rules_of_Love,daily,2021-06-19,all-access,all-agents,337
en.wikipedia,The_Forty_Rules_of_Love,daily,2021-06-20,all-access,all-agents,376
en.wikipedia,The_Forty_Rules_of_Love,daily,2021-06-21,all-access,all-agents,423
en.wikipedia,The_Forty_Rules_of_Love,daily,2021-06-22,all-access,all-agents,350
en.wikipedia,The_Forty_Rules_of_Love,daily,2021-06-23,all-access,all-agents,376
en.wikipedia,The_Forty_Rules_of_Love,daily,2021-06-24,all-access,all-agents,319
en.wikipedia,The_Forty_Rules_of_Love,daily,2021-06-25,all-access,all-agents,349
en.wikipedia,The_Forty_Rules_of_Love,daily,2021-06-26,all-access,all-agents,350
en.wikipedia,The_Forty_Rules_of_Love,daily,2021-06-27,all-access,all-agents,344
en.wikipedia,The_Forty_Rules_of_Love,daily,2021-06-28,all-access,all-agents,339
en.wikipedia,The_Forty_Rules_of_Love,daily,2021-06-29,all-access,all-agents,363
en.wikipedia,The_Forty_Rules_of_Love,daily,2021-06-30,all-access,all-agents,347
en.wikipedia,The_Forty_Rules_of_Love,daily,2021-07-01,all-access,all-agents,417
en.wikipedia,The_Forty_Rules_of_Love,daily,2021-07-02,all-access,all-agents,344
en.wikipedia,The_Forty_Rules_of_Love,daily,2021-07-03,all-access,all-agents,303
en.wikipedia,The_Forty_Rules_of_Love,daily,2021-07-04,all-access,all-agents,376
en.wikipedia,The_Forty_Rules_of_Love,daily,2021-07-05,all-access,all-agents,333
en.wikipedia,The_Forty_Rules_of_Love,daily,2021-07-06,all-access,all-agents,326
en.wikipedia,The_Forty_Rules_of_Love,daily,2021-07-07,all-access,all-agents,320
en.wikipedia,The_Forty_Rules_of_Love,daily,2021-07-08,all-access,all-agents,341
en.wikipedia,The_Forty_Rules_of_Love,daily,2021-07-09,all-access,all-agents,319
en.wikipedia,The_Forty_Rules_of_Love,daily,2021-07-10,all-access,all-agents,319
en.wikipedia,The_Forty_Rules_of_Love,daily,2021-07-11,all-access,all-agents,379
en.wikipedia,The_Forty_Rules_of_Love,daily,2021-07-12,all-access,all-agents,362
en.wikipedia,The_Forty_Rules_of_Love,daily,2021-07-13,all-access,all-agents,334
en.wikipedia,The_Forty_Rules_of_Love,daily,2021-07-14,all-access,all-agents,304
en.wikipedia,The_Forty_Rules_of_Love,daily,2021-07-15,all-access,all-agents,271
en.wikipedia,The_Forty_Rules_of_Love,daily,2021-07-16,all-access,all-agents,319
en.wikipedia,The_Forty_Rules_of_Love,daily,2021-07-17,all-access,all-agents,340
en.wikipedia,The_Forty_Rules_of_Love,daily,2021-07-18,all-access,all-agents,415
en.wikipedia,The_Forty_Rules_of_Love,daily,2021-07-19,all-access,all-agents,314
en.wikipedia,The_Forty_Rules_of_Love,daily,2021-07-20,all-access,all-agents,339
en.wikipedia,The_Forty_Rules_of_Love,daily,2021-07-21,all-access,all-agents,281
en.wikipedia,The_Forty_Rules_of_Love,daily,2021-07-22,all-access,all-agents,323
en.wikipedia,The_Forty_Rules_of_Love,daily,2021-07-23,all-access,all-agents,305
en.wikipedia,The_Forty_Rules_of_Love,daily,2021-07-24,all-access,all-agents,374
en.wikipedia,The_Forty_Rules_of_Love,daily,2021-07-25,all-access,all-agents,408
en.wikipedia,The_Forty_Rules_of_Love,daily,2021-07-26,all-access,all-agents,372
en.wikipedia,The_Forty_Rules_of_Love,daily,2021-07-27,all-access,all-agents,375
en.wikipedia,The_Forty_Rules_of_Love,daily,2021-07-28,all-access,all-agents,381
en.wikipedia,The_Forty_Rules_of_Love,daily,2021-07-29,all-access,all-agents,341
en.wikipedia,The_Forty_Rules_of_Love,daily,2021-07-30,all-access,all-agents,319
en.wikipedia,The_Forty_Rules_of_Love,daily,2021-07-31,all-access,all-agents,372
en.wikipedia,The_Forty_Rules_of_Love,daily,2021-08-01,all-access,all-agents,333
en.wikipedia,The_Forty_Rules_of_Love,daily,2021-08-02,all-access,all-agents,382
en.wikipedia,The_Forty_Rules_of_Love,daily,2021-08-03,all-access,all-agents,387
en.wikipedia,The_Forty_Rules_of_Love,daily,2021-08-04,all-access,all-agents,424
en.wikipedia,The_Forty_Rules_of_Love,daily,2021-08-05,all-access,all-agents,392
en.wikipedia,The_Forty_Rules_of_Love,daily,2021-08-06,all-access,all-agents,327
en.wikipedia,The_Forty_Rules_of_Love,daily,2021-08-07,all-access,all-agents,411
en.wikipedia,The_Forty_Rules_of_Love,daily,2021-08-08,all-access,all-agents,391
en.wikipedia,The_Forty_Rules_of_Love,daily,2021-08-09,all-access,all-agents,362
en.wikipedia,The_Forty_Rules_of_Love,daily,2021-08-10,all-access,all-agents,342
en.wikipedia,The_Forty_Rules_of_Love,daily,2021-08-11,all-access,all-agents,398
en.wikipedia,The_Forty_Rules_of_Love,daily,2021-08-12,all-access,all-agents,338
en.wikipedia,The_Forty_Rules_of_Love,daily,2021-08-13,all-access,all-agents,313
en.wikipedia,The_Forty_Rules_of_Love,daily,2021-08-14,all-access,all-agents,348
en.wikipedia,The_Forty_Rules_of_Love,daily,2021-08-15,all-access,all-agents,341
en.wikipedia,The_Forty_Rules_of_Love,daily,2021-08-16,all-access,all-agents,332
en.wikipedia,The_Forty_Rules_of_Love,daily,2021-08-17,all-access,all-agents,338
en.wikipedia,The_Forty_Rules_of_Love,daily,2021-08-18,all-access,all-agents,360
en.wikipedia,The_Forty_Rules_of_Love,daily,2021-08-19,all-access,all-agents,339
en.wikipedia,The_Forty_Rules_of_Love,daily,2021-08-20,all-access,all-agents,365
en.wikipedia,The_Forty_Rules_of_Love,daily,2021-08-21,all-access,all-agents,367
en.wikipedia,The_Forty_Rules_of_Love,daily,2021-08-22,all-access,all-agents,413
en.wikipedia,The_Forty_Rules_of_Love,daily,2021-08-23,all-access,all-agents,353
en.wikipedia,The_Forty_Rules_of_Love,daily,2021-08-24,all-access,all-agents,346
en.wikipedia,The_Forty_Rules_of_Love,daily,2021-08-25,all-access,all-agents,337
en.wikipedia,The_Forty_Rules_of_Love,daily,2021-08-26,all-access,all-agents,340
en.wikipedia,The_Forty_Rules_of_Love,daily,2021-08-27,all-access,all-agents,316
en.wikipedia,The_Forty_Rules_of_Love,daily,2021-08-28,all-access,all-agents,397
en.wikipedia,The_Forty_Rules_of_Love,daily,2021-08-29,all-access,all-agents,416
en.wikipedia,The_Forty_Rules_of_Love,daily,2021-08-30,all-access,all-agents,369
en.wikipedia,The_Forty_Rules_of_Love,daily,2021-08-31,all-access,all-agents,343
en.wikipedia,The_Forty_Rules_of_Love,daily,2021-09-01,all-access,all-agents,382
en.wikipedia,The_Forty_Rules_of_Love,daily,2021-09-02,all-access,all-agents,304
en.wikipedia,The_Forty_Rules_of_Love,daily,2021-09-03,all-access,all-agents,279
en.wikipedia,The_Forty_Rules_of_Love,daily,2021-09-04,all-access,all-agents,321
en.wikipedia,The_Forty_Rules_of_Love,daily,2021-09-05,all-access,all-agents,386
en.wikipedia,The_Forty_Rules_of_Love,daily,2021-09-06,all-access,all-agents,389
en.wikipedia,The_Forty_Rules_of_Love,daily,2021-09-07,all-access,all-agents,354
en.wikipedia,The_Forty_Rules_of_Love,daily,2021-09-08,all-access,all-agents,317
en.wikipedia,The_Forty_Rules_of_Love,daily,2021-09-09,all-access,all-agents,289
en.wikipedia,The_Forty_Rules_of_Love,daily,2021-09-10,all-access,all-agents,275
en.wikipedia,The_Forty_Rules_of_Love,daily,2021-09-11,all-access,all-agents,354
en.wikipedia,The_Forty_Rules_of_Love,daily,2021-09-12,all-access,all-agents,340
en.wikipedia,The_Forty_Rules_of_Love,daily,2021-09-13,all-access,all-agents,334
en.wikipedia,The_Forty_Rules_of_Love,daily,2021-09-14,all-access,all-agents,338
en.wikipedia,The_Forty_Rules_of_Love,daily,2021-09-15,all-access,all-agents,334
en.wikipedia,The_Forty_Rules_of_Love,daily,2021-09-16,all-access,all-agents,333
en.wikipedia,The_Forty_Rules_of_Love,daily,2021-09-17,all-access,all-agents,358
en.wikipedia,The_Forty_Rules_of_Love,daily,2021-09-18,all-access,all-agents,376
en.wikipedia,The_Forty_Rules_of_Love,daily,2021-09-19,all-access,all-agents,371
en.wikipedia,The_Forty_Rules_of_Love,daily,2021-09-20,all-access,all-agents,304
en.wikipedia,The_Forty_Rules_of_Love,daily,2021-09-21,all-access,all-agents,346
en.wikipedia,The_Forty_Rules_of_Love,daily,2021-09-22,all-access,all-agents,295
en.wikipedia,The_Forty_Rules_of_Love,daily,2021-09-23,all-access,all-agents,375
en.wikipedia,The_Forty_Rules_of_Love,daily,2021-09-24,all-access,all-agents,371
en.wikipedia,The_Forty_Rules_of_Love,daily,2021-09-25,all-access,all-agents,344
en.wikipedia,The_Forty_Rules_of_Love,daily,2021-09-26,all-access,all-agents,344
en.wikipedia,The_Forty_Rules_of_Love,daily,2021-09-27,all-access,all-agents,334
en.wikipedia,The_Forty_Rules_of_Love,daily,2021-09-28,all-access,all-agents,296
en.wikipedia,The_Forty_Rules_of_Love,daily,2021-09-29,all-access,all-agents,348
en.wikipedia,The_Forty_Rules_of_Love,daily,2021-09-30,all-access,all-agents,339
en.wikipedia,The_Forty_Rules_of_Love,daily,2021-10-01,all-access,all-agents,281
en.wikipedia,The_Forty_Rules_of_Love,daily,2021-10-02,all-access,all-agents,331
en.wikipedia,The_Forty_Rules_of_Love,daily,2021-10-03,all-access,all-agents,316
en.wikipedia,The_Forty_Rules_of_Love,daily,2021-10-04,all-access,all-agents,349
en.wikipedia,The_Forty_Rules_of_Love,daily,2021-10-05,all-access,all-agents,327
en.wikipedia,The_Forty_Rules_of_Love,daily,2021-10-06,all-access,all-agents,334
en.wikipedia,The_Forty_Rules_of_Love,daily,2021-10-07,all-access,all-agents,312
en.wikipedia,The_Forty_Rules_of_Love,daily,2021-10-08,all-access,all-agents,255
en.wikipedia,The_Forty_Rules_of_Love,daily,2021-10-09,all-access,all-agents,265
en.wikipedia,The_Forty_Rules_of_Love,daily,2021-10-10,all-access,all-agents,320
en.wikipedia,The_Forty_Rules_of_Love,daily,2021-10-11,all-access,all-agents,316
en.wikipedia,The_Forty_Rules_of_Love,daily,2021-10-12,all-access,all-agents,362
en.wikipedia,The_Forty_Rules_of_Love,daily,2021-10-13,all-access,all-agents,330
en.wikipedia,The_Forty_Rules_of_Love,daily,2021-10-14,all-access,all-agents,274
en.wikipedia,The_Forty_Rules_of_Love,daily,2021-10-15,all-access,all-agents,313
en.wikipedia,The_Forty_Rules_of_Love,daily,2021-10-16,all-access,all-agents,274
en.wikipedia,The_Forty_Rules_of_Love,daily,2021-10-17,all-access,all-agents,300
en.wikipedia,The_Forty_Rules_of_Love,daily,2021-10-18,all-access,all-agents,310
en.wikipedia,The_Forty_Rules_of_Love,daily,2021-10-19,all-access,all-agents,304
en.wikipedia,The_Forty_Rules_of_Love,daily,2021-10-20,all-access,all-agents,262
en.wikipedia,The_Forty_Rules_of_Love,daily,2021-10-21,all-access,all-agents,304
en.wikipedia,The_Forty_Rules_of_Love,daily,2021-10-22,all-access,all-agents,248
en.wikipedia,The_Forty_Rules_of_Love,daily,2021-10-23,all-access,all-agents,307
en.wikipedia,The_Forty_Rules_of_Love,daily,2021-10-24,all-access,all-agents,294
en.wikipedia,The_Forty_Rules_of_Love,daily,2021-10-25,all-access,all-agents,382
en.wikipedia,The_Forty_Rules_of_Love,daily,2021-10-26,all-access,all-agents,266
en.wikipedia,The_Forty_Rules_of_Love,daily,2021-10-27,all-access,all-agents,277
en.wikipedia,The_Forty_Rules_of_Love,daily,2021-10-28,all-access,all-agents,317
en.wikipedia,The_Forty_Rules_of_Love,daily,2021-10-29,all-access,all-agents,242
en.wikipedia,The_Forty_Rules_of_Love,daily,2021-10-30,all-access,all-agents,339
en.wikipedia,The_Forty_Rules_of_Love,daily,2021-10-31,all-access,all-agents,296
en.wikipedia,The_Forty_Rules_of_Love,daily,2021-11-01,all-access,all-agents,308
en.wikipedia,The_Forty_Rules_of_Love,daily,2021-11-02,all-access,all-agents,358
en.wikipedia,The_Forty_Rules_of_Love,daily,2021-11-03,all-access,all-agents,360
en.wikipedia,The_Forty_Rules_of_Love,daily,2021-11-04,all-access,all-agents,259
en.wikipedia,The_Forty_Rules_of_Love,daily,2021-11-05,all-access,all-agents,322
en.wikipedia,The_Forty_Rules_of_Love,daily,2021-11-06,all-access,all-agents,363
en.wikipedia,The_Forty_Rules_of_Love,daily,2021-11-07,all-access,all-agents,446
en.wikipedia,The_Forty_Rules_of_Love,daily,2021-11-08,all-access,all-agents,329
en.wikipedia,The_Forty_Rules_of_Love,daily,2021-11-09,all-access,all-agents,378
en.wikipedia,The_Forty_Rules_of_Love,daily,2021-11-10,all-access,all-agents,400
en.wikipedia,The_Forty_Rules_of_Love,daily,2021-11-11,all-access,all-agents,300
en.wikipedia,The_Forty_Rules_of_Love,daily,2021-11-12,all-access,all-agents,310
en.wikipedia,The_Forty_Rules_of_Love,daily,2021-11-13,all-access,all-agents,299
en.wikipedia,The_Forty_Rules_of_Love,daily,2021-11-14,all-access,all-agents,344
en.wikipedia,The_Forty_Rules_of_Love,daily,2021-11-15,all-access,all-agents,362
en.wikipedia,The_Forty_Rules_of_Love,daily,2021-11-16,all-access,all-agents,342
en.wikipedia,The_Forty_Rules_of_Love,daily,2021-11-17,all-access,all-agents,327
en.wikipedia,The_Forty_Rules_of_Love,daily,2021-11-18,all-access,all-agents,341
en.wikipedia,The_Forty_Rules_of_Love,daily,2021-11-19,all-access,all-agents,308
en.wikipedia,The_Forty_Rules_of_Love,daily,2021-11-20,all-access,all-agents,370
en.wikipedia,The_Forty_Rules_of_Love,daily,2021-11-21,all-access,all-agents,331
en.wikipedia,The_Forty_Rules_of_Love,daily,2021-11-22,all-access,all-agents,327
en.wikipedia,The_Forty_Rules_of_Love,daily,2021-11-23,all-access,all-agents,473
en.wikipedia,The_Forty_Rules_of_Love,daily,2021-11-24,all-access,all-agents,402
en.wikipedia,The_Forty_Rules_of_Love,daily,2021-11-25,all-access,all-agents,327
en.wikipedia,The_Forty_Rules_of_Love,daily,2021-11-26,all-access,all-agents,306
en.wikipedia,The_Forty_Rules_of_Love,daily,2021-11-27,all-access,all-agents,316
en.wikipedia,The_Forty_Rules_of_Love,daily,2021-11-28,all-access,all-agents,327
en.wikipedia,The_Forty_Rules_of_Love,daily,2021-11-29,all-access,all-agents,292
en.wikipedia,The_Forty_Rules_of_Love,daily,2021-11-30,all-access,all-agents,353
en.wikipedia,The_Forty_Rules_of_Love,daily,2021-12-01,all-access,all-agents,349
en.wikipedia,The_Forty_Rules_of_Love,daily,2021-12-02,all-access,all-agents,380
en.wikipedia,The_Forty_Rules_of_Love,daily,2021-12-03,all-access,all-agents,321
en.wikipedia,The_Forty_Rules_of_Love,daily,2021-12-04,all-access,all-agents,364
en.wikipedia,The_Forty_Rules_of_Love,daily,2021-12-05,all-access,all-agents,398
en.wikipedia,The_Forty_Rules_of_Love,daily,2021-12-06,all-access,all-agents,402
en.wikipedia,The_Forty_Rules_of_Love,daily,2021-12-07,all-access,all-agents,389
en.wikipedia,The_Forty_Rules_of_Love,daily,2021-12-08,all-access,all-agents,433
en.wikipedia,The_Forty_Rules_of_Love,daily,2021-12-09,all-access,all-agents,309
en.wikipedia,The_Forty_Rules_of_Love,daily,2021-12-10,all-access,all-agents,311
en.wikipedia,The_Forty_Rules_of_Love,daily,2021-12-11,all-access,all-agents,353
en.wikipedia,The_Forty_Rules_of_Love,daily,2021-12-12,all-access,all-agents,395
en.wikipedia,The_Forty_Rules_of_Love,daily,2021-12-13,all-access,all-agents,386
en.wikipedia,The_Forty_Rules_of_Love,daily,2021-12-14,all-access,all-agents,441
en.wikipedia,The_Forty_Rules_of_Love,daily,2021-12-15,all-access,all-agents,442
en.wikipedia,The_Forty_Rules_of_Love,daily,2021-12-16,all-access,all-agents,395
en.wikipedia,The_Forty_Rules_of_Love,daily,2021-12-17,all-access,all-agents,400
en.wikipedia,The_Forty_Rules_of_Love,daily,2021-12-18,all-access,all-agents,414
en.wikipedia,The_Forty_Rules_of_Love,daily,2021-12-19,all-access,all-agents,386
en.wikipedia,The_Forty_Rules_of_Love,daily,2021-12-20,all-access,all-agents,350
en.wikipedia,The_Forty_Rules_of_Love,daily,2021-12-21,all-access,all-agents,357
en.wikipedia,The_Forty_Rules_of_Love,daily,2021-12-22,all-access,all-agents,380
en.wikipedia,The_Forty_Rules_of_Love,daily,2021-12-23,all-access,all-agents,373
en.wikipedia,The_Forty_Rules_of_Love,daily,2021-12-24,all-access,all-agents,405
en.wikipedia,The_Forty_Rules_of_Love,daily,2021-12-25,all-access,all-agents,392
en.wikipedia,The_Forty_Rules_of_Love,daily,2021-12-26,all-access,all-agents,426
en.wikipedia,The_Forty_Rules_of_Love,daily,2021-12-27,all-access,all-agents,420
en.wikipedia,The_Forty_Rules_of_Love,daily,2021-12-28,all-access,all-agents,455
en.wikipedia,The_Forty_Rules_of_Love,daily,2021-12-29,all-access,all-agents,443
en.wikipedia,The_Forty_Rules_of_Love,daily,2021-12-30,all-access,all-agents,458
en.wikipedia,The_Forty_Rules_of_Love,daily,2021-12-31,all-access,all-agents,351
en.wikipedia,The_Forty_Rules_of_Love,daily,2022-01-01,all-access,all-agents,354
