,linkshere
0,Hyōgo Prefecture
1,Giorgio de Chirico
2,Shadow of the Beast (1989 video game)
3,5th Annual Interactive Achievement Awards
4,List of film score composers
5,"Tatsuno, Hyōgo"
6,Grand Theft Auto III
7,NBA ShootOut
8,Gran Turismo (series)
9,Double Fine
10,Wikipedia:WikiProject Video games
11,List of PlayStation 2 games (A–K)
12,Conker's Bad Fur Day
13,Jak and Daxter
14,Prince of Persia: The Sands of Time
15,List of years in games
16,Beyond Good & Evil (video game)
17,List of video game developers
18,Myst III: Exile
19,Artistic language
20,Insomniac Games
21,Oddworld: Munch's Oddysee
22,Another World (video game)
23,Cult following
24,User:Gracefool/Created
25,Ico (game)
26,ICO
27,Sony Interactive Entertainment
28,MediEvil (series)
29,Mark Cerny
30,Master Chief (Halo)
31,Wikipedia:WikiProject Video games/Featured content
32,Talk:Ico
33,Dimps
34,989 Studios
35,Naughty Dog
36,2001 in video games
37,God of War (2005 video game)
38,Wikipedia:Articles for deletion/Log/2005 March 27
39,Wikipedia:Articles for deletion/Stemage
40,Portal:Video games
41,Polyphony Digital
42,Incognito Entertainment
43,Sucker Punch Productions
44,Shadow of the Colossus
45,User:Triddle/stubsensor/20050421-2
46,Haunting Ground
47,List of Game of the Year awards
48,Guillermo del Toro
49,Guerrilla Games
50,The Legend of Dragoon
51,Libera (choir)
52,Enemy Zero
53,Zipper Interactive
54,FromSoftware
55,Michiru Ōshima
56,Heavenly Sword
57,Ōkami
58,Ico (playstation)
59,User:UnlimitedAccess/Games
60,Wikipedia:List of Wikipedians by featured article nominations
61,Santa Monica Studio
62,Housemarque
63,Evolution Studios
64,ICO (video game)
65,Psygnosis
66,The Nostalgia of the Infinite
67,Spiritual successor
68,DNAS
69,List of video game designers
70,Fumito Ueda
71,This Is Football
72,Ape Escape
73,Panzer Dragoon Saga
74,List of novels based on video games
75,List of crossovers in video games
76,Bloom (shader effect)
77,Tomb Raider: Legend
78,File:Ico cover - EU+JP.jpg
79,Team Soho
80,Talk:Shadow of the Colossus/Archive 1
81,User talk:Wikada
82,Osaka University of Arts
83,User talk:Chan Yin Keen
84,Talk:Silent Hill (video game)
85,Bend Studio
86,User talk:Tinkleheimer
87,LocoRoco
88,Talk:Bloom (shader effect)
89,User:Sevenite
90,User:Cmh/List of page titles with multiple capitalizations
91,User talk:MF14
92,Devil Dice
93,User talk:Orelis
94,Ooga Booga
95,Jenova Chen
96,London Studio
97,Wikipedia:Featured articles
98,Wikipedia:Featured articles/sandbox
99,User:Technocratic
100,User:NateDan/Userboxes
101,Wikipedia:Reference desk/Archives/Miscellaneous/2006 August 17
102,User talk:Ciao 90
103,Wikipedia:Reference desk/Archives/Miscellaneous/2006 September 2
104,List of Mega64 episodes
105,User talk:JackSparrow Ninja/Archive
106,White Knight Chronicles
107,Portal:Video games/Featured article
108,Portal:Video games/Featured article/18
109,Far Cry 2
110,User talk:Evaunit666
111,Talk:Ōkami
112,Wikipedia:Today's featured article/February 2007
113,"Wikipedia:Today's featured article/February 22, 2007"
114,User talk:Greeves
115,Wikipedia:Manual of Style/Video games
116,User talk:88.104.13.191
117,Kenji Kaido
118,Guerrilla Cambridge
119,Wikipedia:Featured articles that haven't been on the Main Page
120,User:Masem
121,GameCenter CX
122,Cellius
123,User talk:Ashnard
124,Audiokinetic
125,User talk:84.187.204.188
126,Team Ico
127,Media Molecule
128,Wikipedia:WikiProject Spam/LinkSearch/mobygames.com
129,Ratchet & Clank
130,Wikipedia:WikiProject Spam/LinkSearch/Mobygames.com
131,Wikipedia:WikiProject Video games/Assessment/Requests/Archive 1
132,File:Ico head white.png
133,User talk:Guru Larry
134,Talk:Grand Theft Auto III/Archive 1
135,Category talk:Female characters in video games
136,User talk:Urutapu/Archive/Archive 03
137,User talk:Wageslave
138,User:Vortex Dragon/Games
139,Wikipedia:WikiProject Video games/Reference library/Electronic Gaming Monthly
140,Wikipedia:WikiProject Video games/Reference library/Next Generation Magazine
141,User:Nixeagle/iffyspoilers
142,User:Tony Sidaway/David Gerard spoiler removals
143,User talk:Masterchief46517/archive
144,User talk:75.49.207.127
145,User talk:Reason turns rancid
146,Colony Wars
147,User talk:Drake Maijstral
148,User talk:Steel359/Archive 12
149,User talk:SuperChencho
150,Contrail (company)
151,User talk:Martarius
152,Rally Cross (video game)
153,Misa Watanabe
154,User talk:Sdegner
155,User talk:Strongsauce
156,San Diego Studio
157,Bigbig Studios
158,User talk:K1LLAGAME
159,Wikipedia:Featured articles in other languages/Polish
160,Wikipedia:Featured articles in other languages/Portuguese
161,Wikipedia:Featured articles in other languages/Swedish
162,User talk:Mynameisnotpj
163,MediaWiki talk:Spam-blacklist/archives/October 2007
164,Wikipedia:WikiProject Spam/LinkReports/teamicogamers.blogspot.com
165,User talk:UnaLaguna/Automated messages
166,"Wikipedia:WikiProject Spam/COIReports/2007, Oct 21"
167,List of Sony Interactive Entertainment video games
168,User:Mattisse/Contributions/FA
169,User:Mattisse/other
170,The Best (PlayStation)
171,User talk:Smashbrosboy
172,User talk:Fusionmix
173,User:Dr pda/Featured article statistics
174,Wikipedia:Featured articles promoted in 2008
175,User talk:Poss
176,User talk:James086/2008/Archive1
177,List of VideoGaiden episodes
178,User talk:Wiki131wiki
179,User:Tony Sidaway/transclusions/plot/games
180,User talk:Larrythefunkyferret/Archive
181,User talk:Awl/Archive 1
182,Wikipedia:Reference desk/Archives/Computing/2008 February 6
183,User talk:LEGOMANVII
184,Wikipedia:WikiProject Video games/1UP Reference Update Task Force
185,God of War (franchise)
186,User talk:Red Phoenix/Archive 1
187,User talk:A Common Man
188,User talk:Prepsear
189,User talk:Tyciol/2008
190,User talk:Biggubeaa
191,User talk:Rooster212
192,User talk:Stvrain69
193,User talk:Connorflanagan
194,Prince of Persia (2008 video game)
195,User talk:.:Alex:./Newsletter/Video games
196,User talk:Intelligent9876522/signpost
197,User talk:Nm88
198,User talk:UltimateCyborgNinja
199,User talk:Nomader/signpost
200,User talk:Coltrain5041
201,User talk:ZappyGun
202,Locations of Half-Life
203,User talk:Zarex/Newsletters/WikiProject Video games
204,User talk:GTA Ganxtaize/Newsletters/WPVG
205,User:GTA Ganxtaize/Newsletters/WPVGDisplay
206,User talk:Promethean/wvgn
207,List of video game remakes and remastered ports
208,User talk:Gravelz
209,User talk:Frizbguy
210,User talk:Pacific Miles
211,Yorda
212,User:Ettrig
213,User talk:FindDDRhands
214,Wikipedia talk:WikiProject Video games/Archive 45
215,User:JohnnyMrNinja/vgproj1
216,User talk:Hello32020/Archive 7
217,Wikipedia:Reference desk/Archives/Computing/2008 June 26
218,Tsutomu Kouno
219,Fat Princess
220,Template:Team Ico
221,Fez (video game)
222,User talk:Jacoplane/archive17
223,User talk:AeronPeryton/Archive 1
224,User talk:MuZemike/Archive 1
225,User talk:GoAway0000
226,Wikipedia:List of Wikipedians by featured article nominations/2008
227,User talk:Mr T (Based)/Archive 1
228,User talk:NerfGUNNER06
229,User talk:Totalinarian/Newsletters
230,User talk:Theleftorium/Archive 1
231,Talk:Shadow of the Colossus/Archive 5
232,File:Ico gameplay.jpg
233,Wikipedia talk:WikiProject Video games/Archive 56
234,User talk:SWJS/Archive 1
235,User talk:Matrix8110
236,Wikipedia:Reference desk/Archives/Entertainment/2008 October 9
237,User talk:Bob1983
238,User talk:Krazidude95
239,User talk:Danie Tei
240,User talk:142.27.12.176
241,User talk:Hannu-san/Newsletters
242,Wikipedia:Featured article candidates/Featured log/November 2008
243,User talk:FE411/Newsletter/Video Games
244,User talk:Lympathy/Archives/2008
245,User talk:Deltwalrus
246,File:Lemming animation.gif
247,Resistance (video game series)
248,Talk:Ico/GA1
249,Wikipedia:Featured article candidates/Ico
250,"Wikipedia:Goings-on/November 16, 2008"
251,Talk:Uru: Ages Beyond Myst/GA1
252,Press Start: Symphony of Games
253,Wikipedia:Wikipedia Signpost/2008-11-24/Features and admins
254,Portal:Video games/Featured article/108
255,User talk:Masem/Archive 4
256,User talk:Marasmusine/VG
257,Wikipedia:Wikipedia Signpost/2008-11-24/SPV
258,User talk:Truco/Archive 17
259,Wikipedia:WikiProject Video games/Newsletter/20081203
260,User talk:Giggy/Archive/December 2008
261,User talk:Omnechist/archive1
262,User talk:Guyinblack25/Archive 7
263,User talk:Zalgo/Archives2008/December
264,Wikipedia talk:WikiProject Video games/Archive index
265,Wikipedia talk:WikiProject Video games/Archive 59
266,User talk:Lympathy/Archives/2008/December
267,Wikipedia talk:WikiProject Video games/Archive 60
268,User talk:Someone another/Archive 2
269,User talk:Gazimoff/Archives/2008/December
270,User talk:David Fuchs/Archive 22
271,User talk:Versus22/Archive 2
272,User talk:Ged UK/Archives/2008/December
273,User talk:Law/December 2008
274,User talk:Cloud668/Archive 4
275,User talk:Mika1h/Archive 3
276,User talk:Krator/Archive/2008/December
277,User talk:Staka/Archive 3
278,User talk:X201/Archive 3
279,User talk:Cabe6403/Archive 6
280,User talk:Chimpanzee/Archive 2
281,User talk:Xeno/Archive 11
282,Japan Studio
283,User talk:The $R$/Archive 7
284,Talk:Metroid Prime Pinball/GA1
285,User:Mattisse/GA
286,User talk:Kanonkas/Archive 2
287,User talk:Sephiroth BCR/Archive 21
288,User talk:S@bre/Archive 6
289,User talk:Penale52/Archive 1
290,Wikipedia talk:WikiProject Video games/Archive 64
291,User talk:WikipedianMarlith/Archive Twelve
292,Bluepoint Games
293,Killzone
294,User talk:RkOrton/Archive 12
295,User talk:Hereford/news/Archive 1
296,User talk:Kung Fu Man/archive3
297,User talk:Jfioeawfjdls453/Archive 6
298,Wikipedia:Featured articles/By length
299,User talk:76.70.123.227
300,User:Deckiller/archive63
301,User talk:Ost316/Archive 1
302,User talk:Artichoker/Archive 5
303,User talk:Ayrton Prost/archive 3
304,Wikipedia talk:Non-free content/Archive 41
305,User talk:Oscarthecat/Archive 8
306,Ico (video game)
307,User talk:Mattisse/Contributions/FA
308,User talk:Randomran/Archive 1
309,User talk:Chaetodipus/Archive 4
310,User talk:Mm40/Archive 2
311,The Last Guardian
312,User talk:PresN/Archive 5
313,User:Ismashed/Archive 1 first 50 posts June 2009
314,User talk:KojiDude/Archive 5
315,User talk:Nreive/Archive 3
316,User talk:Masem/Archive 5
317,User talk:ConnorJack/Archive 3
318,Gaikai
319,List of LittleBigPlanet downloadable content packs
320,User talk:JayC/Archive 4
321,User talk:Blaine Gi
322,User:Blackwatch21/Archive 3
323,Wikipedia talk:Manual of Style/Captions/Archive 1
324,User talk:Master Bigode/Archives/2009/August
325,User talk:Audiosmurf/archives/1
326,Enslaved: Odyssey to the West
327,User talk:Master Bigode/Archives/2009/September
328,User talk:Jamti
329,User talk:Master Bigode/Archives/2009/October
330,User talk:Thejadefalcon/Archive 2
331,Wikipedia talk:WikiProject Video games/Archive 78
332,User talk:Thejadefalcon/Archive 3
333,Ico soundtrack
334,Ico: melody in the mist
335,User talk:GamerPro64/Archive 1
336,Wikipedia:Featured article candidates/Braid (video game)/archive3
337,PlayStation Studios
338,Template:PlayStation Studios
339,Evolution Championship Series
340,Wikipedia:Featured article candidates/Archived nominations/February 2010
341,User talk:Master Bigode/Archives/2010/January
342,Wikipedia talk:Non-free content/Archive 45
343,User:Ismashed/Archive 1 first 50 posts August 2009
344,Limbo (video game)
345,User talk:GamerPro64/Archive 2
346,Bungie
347,Infamous 2
348,User talk:Bovineboy2008/Archives/2008
349,LittleBigPlanet
350,User:Emijrp/Geonames/Cities1000/BR/2
351,User:Dorsal Axe/Sandbox
352,High-definition remasters for PlayStation consoles
353,User talk:Nickin/Archive 1
354,Wikipedia:0.8/Index/I1
355,User:GeeJo/Draft
356,Wikipedia talk:Manual of Style/Linking/Archive 11
357,User:LoganTheGeshrat
358,User talk:Gary/Archives/2009
359,User talk:Gary/Archives/2010
360,Wikipedia talk:WikiProject Video games/Archive 88
361,User talk:92.20.252.171
362,Gravity Rush
363,Beyond the Labyrinth
364,File:Ico north american cover.jpg
365,Wikipedia:WikiProject Video games/Reference library/Games
366,The Ico & Shadow of the Colossus Collection
367,User:Aude/Sandbox17
368,User:Reimei
369,Wikipedia talk:Today's featured article/requests/Archive 13
370,Wikipedia talk:WikiProject Video games/Archive 91
371,User:Game-Guru999/Old
372,User:Destructo 087/Archive 3
373,The Last of Us
374,User talk:Thejadefalcon/Archive 4
375,Wikipedia:WikiProject Video games/Reviewing pre-2008 FAs
376,Talk:God of War: Ascension
377,PlayStation All-Stars Battle Royale
378,User:Punkalyptic/Books/Games Database
379,User:CapsulateMule/sandbox
380,User talk:Judgesurreal777/archive 8
381,User:Edgars2007/Missing
382,Wikipedia talk:WikiProject Video games/Archive 95
383,Talk:Ico/Archive 1
384,Wikipedia talk:Non-free content/Archive 57
385,CEDEC Awards
386,User:Dweller/Featured Articles that haven't been on Main Page
387,User:Johnsirett/sandbox
388,User:Brianboulton/TFA notepad
389,Wikipedia:WikiProject Video games/Reference library/Online website archive/Daily Radar
390,Wikipedia:Articles for deletion/List of female video game characters by role
391,Wikipedia:Articles for deletion/Log/2012 December 28
392,Brothers: A Tale of Two Sons
393,Wikipedia:WikiProject Video games/Recognized content
394,Wikipedia talk:Non-free content/Archive 58
395,User:The ed17/Featured articles by prose size
396,User:The ed17/Featured articles by wiki text
397,Game Masters (exhibition)
398,User:Soliloquy259/sandbox
399,User:Player017/Books/Video Games Currently of Interest
400,SN Systems
401,Amnesia Fortnight 2012
402,Neil Druckmann
403,BigHit Series
404,User:Travisezell/Books/powersmagic TEMP
405,Invizimals
406,User talk:97.82.178.182
407,User talk:88.214.164.79
408,User:Diego Moya/List of female video game characters by role
409,Rime (video game)
410,Wikipedia talk:WikiProject Video games/Archive 101
411,List of video games considered the best
412,Talk:Portal (video game)/Archive 6
413,User talk:PeeJay/Archive 10
414,User talk:Headbomb/Archives/2013/November
415,Firesprite
416,User:Klytos/sandbox
417,Wikipedia:Featured articles that haven't been on the Main Page/Date connection
418,User:Czar/VGGF
419,Category talk:Video games featuring non-playable protagonists
420,Shadow of the Beast III
421,User:Torchiest/Sandbox/VGQ12014
422,User:YasmeenCCT110/sandbox
423,Wikipedia:WikiProject Video games/Newsletter/20140402/Report/FA list
424,Rieko Takahashi
425,Bloodborne
426,Hidetaka Miyazaki
427,Development of Fez
428,User:CleanupWorklistBot/lists/Featured articles
429,User talk:Bob rulz/Archive 4
430,User:Magioladitis/sandbox3
431,Wikipedia talk:WikiProject Video games/CVGurls
432,Ghost of a Tale
433,User talk:Aspects/Archive 11
434,Arno Dorian
435,Development of The Last of Us
436,Wikipedia:Reference desk/Archives/Computing/2015 January 23
437,List of The Last of Us characters
438,Pixelopus
439,List of prequels
440,User:ԱշոտՏՆՂ/sandbox1
441,User:Ichthyoid/games
442,Dark Souls
443,User talk:50.86.49.32
444,User:Fox/sandbox
445,Wikipedia talk:WikiProject Video games/Archive 117
446,Wikipedia:Articles for deletion/List of console adventure games
447,Wikipedia talk:WikiProject Video games/Archive 121
448,User:InflatableSupertrooper/GDCA GOTY
449,Game Developers Choice Award for Game of the Year
450,Wikipedia:Articles for deletion/Log/2016 April 1
451,User:Fox/generatestats
452,Wikipedia talk:WikiProject Video games/Archive 123
453,User:Dingruogu/FA
454,User:Dell9300/sandbox
455,Bound (video game)
456,Toren (video game)
457,Talk:Art game/Archives/1
458,User:Maplestrip/Available sources
459,User:TParis/Featured Article By Length
460,User:Kennyfong/sandbox
461,User talk:Masem/Archive 19
462,User:Uanfala/3-letter permutations
463,List of video games considered artistic
464,Template:Sony Interactive Entertainment
465,Wikipedia:WikiProject Magazines/Magazines cited by Wikipedia/O1
466,Wikipedia:WikiProject Magazines/Magazines cited by Wikipedia/Target1
467,Wikipedia:WikiProject Magazines/Magazines cited by Wikipedia/Target2
468,Jet X2O
469,Shadow of the Colossus (2018 video game)
470,You Were There
471,User talk:Blue Pumpkin Pie
472,User:SQL/FA-Ores
473,User talk:ShadowHntr/Archive 1
474,Alto's Odyssey
475,User:Lopullinen/sandbox
476,User talk:Llc.id
477,User:TheBuddy92/List of PlayStation 2 games with alternative display modes
478,Portal:Video games/Featured content
479,PlayStation Productions
480,User:MinionsFan1998/Gingo Animation
481,User:Major Video game Association/sandbox
482,User:Spy-cicle/sandbox 3
483,Toio
484,User:Spy-cicle/drafts/Media Molecule
485,User:ArcAngel/sandbox
486,Portal:Video games/Recognized content
487,User:MR.RockGamer17/sandbox
488,Raji: An Ancient Epic
489,User:Cat's Tuxedo/sandbox
490,Wikipedia talk:WikiProject Video games/Archive 153
491,User:RexxS/sandbox/testlinks
492,User:SDZeroBot/Featured articles
493,User:Mibble92/sandbox/WBFAN
494,User:Mibble92/sandbox/FAnoms.2008
495,List of cancelled PlayStation video games
496,User:Rick Bot/sandbox/FAnoms.2008
497,User:Rick Bot/sandbox/WBFAN
498,List of PlayStation 3 games (D–I)
499,User:Rick Bot/sandbox/tmp/FAnoms.2008
500,User:Rick Bot/sandbox/Featured articles
501,User talk:Bipper Insomnia
502,List of video game soundtracks on music streaming platforms
503,"List of multimedia franchises originating in games, toys, and merchandise"
504,Team Asobi
505,Wikipedia talk:Today's featured article/Archive 15
506,Draft:Game Music Festival
507,Draft:Star Wars: Knights of the Old Republic — Remake
508,Wikipedia:Peer review/Blue Dragon (video game)/archive1
509,Wikipedia:Featured articles in other languages/English
510,Wikipedia:Featured articles in other languages/Norwegian (Bokmål)
511,Wikipedia:Unreviewed featured articles/2020/2004–2009
512,Wikipedia:Contributor copyright investigations/BOZ 07
513,User:Rlink2/Music 5
514,User:NenadRt3120/sandbox
515,D.I.C.E. Award for Game of the Year
516,Nixxes Software
517,D.I.C.E. Award for Action Game of the Year
518,D.I.C.E. Award for Adventure Game of the Year
519,Draft:List of video game auteurs
